Course	Coursename	Description	ACM_Matches	ACM_Match_Score
CS 100	Freshman Orientation	majors overview	Evaluating the Design:Teamwork:Digital Forensics:Applications and Societal Impact:Data Analytics:Game:Interactive:Professional Ethics:Social Context:Understanding the User; Individual Goals and Interactions With Others:Product Requirements:Agents and Cognitive Systems:Economies of Computing:Secure Coding:Web:Robotics:Accessibility and Inclusive Design:Interactive Computing Platforms:Computing History:Privacy and Civil Liberties	[0.87682843 0.96993566 0.97529802 0.9804905  1.01565333 1.02546538 1.02779407 1.03715258 1.05550185 1.05834334 1.06204393 1.08165262 1.08648139 1.11241899 1.12900235 1.13472105 1.14105845 1.14843616 1.14978485 1.15143922]
CS 101	Intro Computing: Engrg & Sci	computing solving programming algorithms computers solving majors satisfies criteria quantitative ii	Quantum Architectures:Search:Fundamental Issues:Interactive Computing Platforms:Data Analytics:Probabilistic Representation and Reasoning:Agents and Cognitive Systems:Data Modeling:Logical Representation and Reasoning:Social Context:Perception and Computer Vision:Computing History:Complexity:Logic Programming:Machine Learning:Natural Language Programming:Fundamental Knowledge Representation and Reasoning:Applications and Societal Impact	[0.60659527 0.69420345 0.69991544 0.7490641  0.75591775 0.80818228 0.80833828 0.82252726 0.83763201 0.84136894 0.86336008 0.87083734 0.87514175 0.882078   0.89539566 0.90730256 0.90981331 0.91137717]
CS 102	Little Bits to Big Ideas	computing topics computers algorithms computational computing cryptography internet solving modeling simulation	Social Context:Interactive Computing Platforms:Agents and Cognitive Systems:Data Analytics:Quantum Architectures:Computing History:Fundamental Issues:Data Modeling:Search:Perception and Computer Vision:Probabilistic Representation and Reasoning:Robotics:Natural Language Programming:Fundamental Knowledge Representation and Reasoning:Web:Machine Learning:Cryptography:Applications and Societal Impact	[0.59559743 0.6173426  0.64623534 0.65108431 0.70847433 0.74435707 0.77006419 0.8162522  0.83704669 0.85190419 0.86222242 0.86691942 0.88018099 0.88836826 0.88880558 0.90411135 0.90451223 0.90501548]
CS 105	Intro Computing: Non-Tech	computing interrelationships hardware software packages spreadsheets databases programming majors satisfies criteria quantitative	Data Analytics:Social Context:Agents and Cognitive Systems:Interactive Computing Platforms:Computing History:Fundamental Issues:Digital Forensics:Economies of Computing:Applications and Societal Impact:Data Modeling:Teamwork:Robotics:Evaluating the Design:Professional Ethics:Game:Web:Interactive	[0.62000945 0.68166921 0.69262463 0.79211134 0.79403021 0.80142446 0.81631738 0.85783563 0.86243605 0.88040739 0.88428029 0.8970295 0.91483228 0.92438533 0.9314948  0.93605127 0.93960338]
CS 107	Data Science Discovery	computation relevance datasets analyze privacy satisfies criteria quantitative	Fundamental Issues:Logical Representation and Reasoning:Probabilistic Representation and Reasoning:Robotics:Statistics:Machine Learning:Natural Language Programming:Probability:Interactive Computing Platforms:Data Analytics:Fundamental Knowledge Representation and Reasoning:Computing History:Perception and Computer Vision:Diversity, Equity, Inclusion, and Accessibility:Data Modeling:Quantum Architectures:Search:Applications and Societal Impact:Agents and Cognitive Systems:Calculus:Mobile:Social Context:Complexity:Evaluation:Image Processing:System Design:Discrete Mathematics:Logic Programming:Software Construction:Functional Programming:Professional Ethics	[0.8057828  0.82072415 0.83171089 0.87984101 0.89574083 0.9044403 0.90812397 0.91360276 0.92019936 0.92518044 0.93006295 0.93467707 0.95303411 0.96017857 0.96442217 0.98619351 0.99437003 0.9978465 1.00745205 1.01149937 1.0220905  1.03109151 1.04611389 1.05028221 1.05042168 1.05756975 1.06346627 1.08171713 1.08847988 1.08881976 1.09080108]
CS 124	Introduction to Computer Science I	computing solving computational majors computing satisfies criteria quantitative	Logical Representation and Reasoning:Probabilistic Representation and Reasoning:Fundamental Issues:Search:Quantum Architectures:Interactive Computing Platforms:Calculus:Perception and Computer Vision:Data Modeling:Data Analytics:Machine Learning:Complexity:Agents and Cognitive Systems:Fundamental Knowledge Representation and Reasoning:Computing History:Natural Language Programming:Logic Programming:Robotics:Statistics:Probability:Discrete Mathematics:Applications and Societal Impact:Cryptography:Design Principles of Programming Languages:Social Context	[0.6438307  0.66277226 0.69487359 0.71483757 0.73077074 0.75724939 0.80370001 0.80680575 0.82107711 0.82493986 0.83069841 0.84218659 0.85888523 0.88954548 0.89372998 0.89555321 0.90132072 0.91723741 0.91826232 0.92348353 0.9379147  0.94575653 0.96277855 0.96419112 0.96603197]
CS 125	Introduction to Computer Science	computing solving computational majors computing satisfies criteria quantitative	Logical Representation and Reasoning:Probabilistic Representation and Reasoning:Fundamental Issues:Search:Quantum Architectures:Interactive Computing Platforms:Calculus:Perception and Computer Vision:Data Modeling:Data Analytics:Machine Learning:Complexity:Agents and Cognitive Systems:Fundamental Knowledge Representation and Reasoning:Computing History:Natural Language Programming:Logic Programming:Robotics:Statistics:Probability:Discrete Mathematics:Applications and Societal Impact:Cryptography:Design Principles of Programming Languages:Social Context	[0.6438307  0.66277226 0.69487359 0.71483757 0.73077074 0.75724939 0.80370001 0.80680575 0.82107711 0.82493986 0.83069841 0.84218659 0.85888523 0.88954548 0.89372998 0.89555321 0.90132072 0.91723741 0.91826232 0.92348353 0.9379147  0.94575653 0.96277855 0.96419112 0.96603197]
CS 126	Software Design Studio	software documentation debugging software majors	Role and Purpose of Operating Systems:Economies of Computing:Foundational Security:Embedded Platforms:Interactive:Common Aspects/Shared Concerns:Secure Processor Architectures:Teamwork:Real-time and Embedded Systems:Mobile Platforms:Social Context:Formal Development Methodologies:Tangible/Physical Computing:Secure Coding:Computing History:Digital Forensics:Game Platforms:Game:Heterogeneous Architectures:Sustainability:Intellectual Property:Accessibility and Inclusive Design:Professional Ethics:Web:Interfacing and Communication:Fault Tolerance:Emerging Topics:Web Platforms:System Security:Sustainability Issues:Privacy and Civil Liberties:Overview of Computer Systems:Security Governance:Agents and Cognitive Systems:Communication:Network Fundamentals:Protection and Safety	[0.84055711 0.85256605 0.88841765 0.90014532 0.90800434 0.91203064 0.91346761 0.91903004 0.93838201 0.95721667 0.9679589  0.97043599 0.97540241 0.9775857  0.98502357 0.98964503 0.99024016 0.99564877 0.99797934 0.99999296 1.00309193 1.0092901  1.01190515 1.01320928 1.01766164 1.02024885 1.02658372 1.03738546 1.04211394 1.04533435 1.04632912 1.05885319 1.0610374  1.06497735 1.06856843 1.06956629 1.07256042]
CS 128	Introduction to Computer Science II	computing solving computational satisfies criteria quantitative ii	Probabilistic Representation and Reasoning:Logical Representation and Reasoning:Calculus:Search:Quantum Architectures:Complexity:Fundamental Issues:Perception and Computer Vision:Logic Programming:Machine Learning:Interactive Computing Platforms:Discrete Mathematics:Fundamental Knowledge Representation and Reasoning:Probability:Data Modeling:Statistics:Natural Language Programming:Data Analytics:Image Processing:Robotics:Computational Models and Formal Languages:Agents and Cognitive Systems:Functional Programming:Foundational Data Structures and Algorithms:Software Construction:Formal Semantics:Program Analysis and Analyzers	[0.59412327 0.63697062 0.65207121 0.66912973 0.68312361 0.71904279 0.74771488 0.77811905 0.80431115 0.8255295  0.85304716 0.88288493 0.89069027 0.90167758 0.90613252 0.91303003 0.93196352 0.95817827 0.96170053 0.97233011 0.98359474 0.98967649 0.99252816 0.99696458 1.00865313 1.01016662 1.01197809]
CS 173	Discrete Structures	discrete propositions boolean algebra induction recursion graphs math	Discrete Mathematics:Logic Programming:Computational Models and Formal Languages:Complexity:Formal Semantics:Logical Representation and Reasoning:Calculus:Probabilistic Representation and Reasoning:Functional Programming:Quantum Architectures:Perception and Computer Vision:Linear Algebra:Search:Software Construction:Fundamental Issues:Probability	[0.59534791 0.67294833 0.75657947 0.78940776 0.79514057 0.79956817 0.81050903 0.82822655 0.87961975 0.90112044 0.9432943  0.95139545 0.97395961 1.01043427 1.01155121 1.01403066]
CS 196	Freshman Honors	concurrently	Concurrency:DBMS Internals:Parallel and Distributed Computing:Coordination:Basic Concepts:Scheduling:Resource Management:Performance and Energy Efficiency:Sustainability Issues:Fundamental Data Structures:Heterogeneous Architectures:Memory Hierarchy:Assembly Level Machine Organization	[1.01338342 1.06629012 1.07319766 1.08008808 1.08351642 1.08578938 1.11323603 1.12711356 1.14836175 1.16532323 1.17043336 1.17116749 1.17196467]
CS 199	Undergraduate Open Seminar in Computer Science	topics grading	Evaluating the Design:Teamwork:Understanding the User; Individual Goals and Interactions With Others:Data Analytics:Applications and Societal Impact:Digital Forensics:Game:Interactive:Social Context:Professional Ethics:Agents and Cognitive Systems	[1.02224495 1.05433311 1.05777875 1.06735028 1.07920995 1.08094169 1.10004101 1.10966767 1.11547192 1.11703582 1.11738127]
CS 210	Ethical & Professional Issues	computing licensing privacy cs	Privacy and Civil Liberties:Professional Ethics:Security Analysis, Design, and Engineering:Security Governance:Data Security and Privacy:Foundational Security:Product Requirements:Secure Coding:Intellectual Property:Accessibility and Inclusive Design:Economies of Computing:Interactive	[0.59635851 0.69988366 0.76502096 0.81965363 0.82581835 0.831793 0.85765987 0.90206239 0.92073356 0.95312154 0.95347034 0.95809538]
CS 211	Ethical and Professional Conduct	navigating computing privacy cybersecurity analyze perspectives professionally technically peer workshops editing revising cs satisfies criteria	Evaluating the Design:Teamwork:Game:Applications and Societal Impact:Product Requirements:Interactive:Professional Ethics:Data Analytics:Social Context:Digital Forensics:Agents and Cognitive Systems:Economies of Computing:Robotics:Accessibility and Inclusive Design:Web:Secure Coding:Diversity, Equity, Inclusion, and Accessibility:Models for Ethical Analysis:Privacy and Civil Liberties:Mobile:Fundamental Issues:Computing History:Sustainability	[0.54346181 0.60375018 0.67212246 0.67582815 0.68229103 0.75494024 0.76950105 0.771058   0.83813813 0.85415844 0.85720396 0.93165519 0.94814921 0.95609241 0.96741969 0.96923892 0.99260672 1.00096204 1.01126168 1.01298523 1.02877935 1.03121286 1.03644499]
CS 222	Software Design Lab	implementation software software implementation deployment emphasizes software framework documentation teamwork majors undergraduate curricula	Social Context:Common Aspects/Shared Concerns:Interactive:Formal Development Methodologies:Teamwork:Mobile Platforms:Economies of Computing:Sustainability:Role and Purpose of Operating Systems:Computing History:Real-time and Embedded Systems:Foundational Security:Web:Game	[0.68233006 0.6980034  0.71590096 0.73436967 0.75178289 0.78464858 0.79412225 0.79843325 0.83176051 0.83603624 0.86091532 0.86786017 0.86799409 0.86979915]
CS 225	Data Structures	abstractions stacks queues implementation programming computational graphs algorithms satisfies criteria quantitative ii	Quantum Architectures:Probabilistic Representation and Reasoning:Search:Fundamental Issues:Logical Representation and Reasoning:Perception and Computer Vision:Interactive Computing Platforms:Fundamental Knowledge Representation and Reasoning:Machine Learning:Natural Language Programming:Foundational Data Structures and Algorithms:Data Modeling:Agents and Cognitive Systems:Logic Programming:Calculus:Complexity:Algorithms:Functional Programming	[0.5486373  0.56810735 0.59705522 0.69685273 0.71186757 0.71869948 0.76236442 0.79792005 0.812249   0.81346631 0.82930647 0.83502713 0.86761253 0.87562922 0.87797228 0.8847805  0.88706522 0.88750633]
CS 233	Computer Architecture	fundamentals architecture digital programming implementation architectures optimization software hardware primitives parallelism	Heterogeneous Architectures:Basic Concepts:Overview of Computer Systems:Performance and Energy Efficiency:Assembly Level Machine Organization:Performance Evaluation:Embedded Platforms:Functional Organization:Principles of Operating Systems:Common Aspects/Shared Concerns:Sustainability Issues:Computing History:Resource Management:System Performance:Scheduling:Digital Logic and Digital Systems:Interfacing and Communication	[0.48235654 0.524904   0.53407454 0.57568463 0.66650334 0.68875622 0.69129155 0.71848046 0.73017729 0.73346639 0.73834692 0.78133819 0.81266004 0.82699293 0.83556205 0.83606282 0.84079833]
CS 240	Introduction to Computer Systems	basics representations processors fetch execute hierarchy directories programming	Fundamental Programming Concepts and Practices:Principles of Operating Systems:Advanced Programming Constructs:Basic Concepts:Functional Programming:Computing History:Agents and Cognitive Systems:Program Abstraction and Representation:Programs:Systems Execution and Memory Model:Fundamental Data Structures:Scheduling:Resource Management	[0.88644108 0.94178112 0.95229131 0.99568833 1.00438615 1.00556209 1.02128437 1.03011622 1.03310183 1.03849709 1.04479523 1.0471429 1.04882774]
CS 241	System Programming	basics programming posix inter synchronization directories programming socket programming rpc programming programming debugging ece	Advanced Programming Constructs:Parallel and Distributed Computing:Fundamental Programming Concepts and Practices:Object-Oriented Programming:Concurrency:Design Principles of Programming Languages:Mobile Platforms:Software Design:Scheduling:Programs:Basic Concepts:Common Aspects/Shared Concerns:Principles of Operating Systems:Agents and Cognitive Systems:Formal Development Methodologies:Heterogeneous Architectures	[0.68580903 0.90862486 0.91059138 0.98015767 0.99550786 0.99831464 1.02149873 1.03571896 1.03822804 1.048388   1.05014359 1.06099046 1.06460895 1.08279079 1.08424864 1.08483665]
CS 242	Programming Studio	programming lab programming	Interactive:Advanced Programming Constructs:Social Context:Data Analytics:Teamwork	[0.93964746 0.96404655 0.96995609 0.9707681  0.97084304]
CS 265	Innovation Illinois: From Accessible Design to Supercomputing Cultures	innovation introduces histories uiuc interdisciplinary innovations researchers humanities histories innovations innovation campuses accessibility online basics video editing video	Data Analytics:Evaluating the Design:Teamwork:Applications and Societal Impact:Digital Forensics:Social Context:Agents and Cognitive Systems:Interactive:Game:Professional Ethics	[0.75088359 0.76413024 0.77074746 0.79048195 0.829975   0.85897682 0.88959696 0.89559398 0.89621829 0.89837628]
CS 277	Algorithms and Data Structures for Data Science	algorithms topics algorithm notation stacks queues graphs basics discrete algorithm greedy divide conquer programming discrete optimization concurrently cs	Quantum Architectures:Search:Foundational Data Structures and Algorithms:Complexity:Probabilistic Representation and Reasoning:Algorithms:Perception and Computer Vision:Algorithmic Strategies:Fundamental Issues:Interactive Computing Platforms:Machine Learning:Calculus:Fundamental Knowledge Representation and Reasoning:Cryptography:Logical Representation and Reasoning:Natural Language Programming:Program Analysis and Analyzers:Logic Programming:Agents and Cognitive Systems:Data Modeling:Robotics:Data Analytics:Computing History	[0.52475417 0.56896761 0.76994591 0.79397345 0.81927901 0.82996314 0.8437549  0.85217577 0.86694458 0.86819222 0.88155896 0.89450018 0.89585262 0.90982278 0.91792438 0.92474743 0.9280643  0.95259054 0.9595567  0.96273058 0.97468111 0.97640117 0.97952253]
CS 296	Honors Course	concurrently	Concurrency:DBMS Internals:Parallel and Distributed Computing:Coordination:Basic Concepts:Scheduling:Resource Management:Performance and Energy Efficiency:Sustainability Issues:Fundamental Data Structures:Heterogeneous Architectures:Memory Hierarchy:Assembly Level Machine Organization	[1.01338342 1.06629012 1.07319766 1.08008808 1.08351642 1.08578938 1.11323603 1.12711356 1.14836175 1.16532323 1.17043336 1.17116749 1.17196467]
CS 307	Modeling and Learning in Data Science	modeling solving centric unsupervised supervised interpretability	Fundamental Knowledge Representation and Reasoning:Probabilistic Representation and Reasoning:Machine Learning:Natural Language Programming:Data Modeling:Interactive Computing Platforms:Fundamental Issues:Data Analytics:Perception and Computer Vision:Logical Representation and Reasoning:Quantum Architectures:Search:Agents and Cognitive Systems:Computing History:Robotics:Social Context:Calculus:Statistics:Probability:Design Principles of Programming Languages:Image Processing:Applications and Societal Impact:Software Construction:Logic Programming:Complexity	[0.55414939 0.58230301 0.60310458 0.60719409 0.60902856 0.61481256 0.61704174 0.70300472 0.77308199 0.78213098 0.81350627 0.83473935 0.85583473 0.90510275 0.90984107 0.92498798 0.95887024 0.96656192 0.96662783 0.97589051 0.98716671 0.98862155 0.99442836 0.99444357 0.99977819]
CS 357	Numerical Methods I	fundamentals floating computation equations approximation integrals nonlinear equations programming routines cs las	Calculus:Complexity:Probabilistic Representation and Reasoning:Perception and Computer Vision:Probability:Quantum Architectures:Linear Algebra:Discrete Mathematics	[0.50825711 0.71644208 0.81732327 0.81763228 0.87164451 0.88598898 0.89064464 0.89156656]
CS 361	Probability & Statistics for Computer Science	topics visualizing datasets summarizing descriptive conditional bayes theorem conditional distributions expectation variance covariance theorem markov inequality chebyshev inequality markov chains simulation pagerank algorithm populations likelihood estimation bayes estimation regression majors	Probability:Statistics:Machine Learning:Fundamental Knowledge Representation and Reasoning:Probabilistic Representation and Reasoning:Natural Language Programming:Perception and Computer Vision:Calculus:Fundamental Issues:Interactive Computing Platforms:Quantum Architectures:Logical Representation and Reasoning:Image Processing:Data Modeling:Complexity:Search:Data Analytics:Robotics:Visualization:Foundational Data Structures and Algorithms:Linear Algebra:Discrete Mathematics:Simulation:Computing History	[0.45639406 0.52577108 0.5870159  0.64127186 0.73603189 0.79691681 0.80124899 0.82742953 0.86598493 0.86644063 0.89176055 0.90089047 0.90408499 0.91474108 0.94902598 0.96119471 0.97472577 0.9933582 1.02758523 1.03405188 1.03593374 1.05193327 1.05528802 1.0559053 ]
CS 374	Introduction to Algorithms & Models of Computation	algorithms paradigms algorithm recursive algorithms divide conquer algorithms programming greedy algorithms algorithms computation automata turing computation arising algorithm theoretic constraints reductions undecidability np completeness	Search:Quantum Architectures:Complexity:Algorithmic Strategies:Logic Programming:Foundational Data Structures and Algorithms:Probabilistic Representation and Reasoning:Algorithms:Program Analysis and Analyzers:Logical Representation and Reasoning:Perception and Computer Vision:Discrete Mathematics:Calculus:Machine Learning:Fundamental Issues:Fundamental Knowledge Representation and Reasoning:Interactive Computing Platforms:Software Construction:Robotics	[0.46640656 0.65574444 0.76494732 0.78406412 0.8026745  0.80460349 0.81947351 0.82472183 0.8426947  0.85186939 0.87157404 0.87772116 0.88241272 0.89623242 0.91386232 0.92661089 0.93745174 0.93967422 0.94374672]
CS 397	Individual Study	 	 	 
CS 398	Special Topics	offerings augment departmental topics prerequisites topics	Teamwork:Digital Forensics:Evaluating the Design:Game:Professional Ethics:Economies of Computing:Social Context:Product Requirements:Applications and Societal Impact:Data Analytics:Agents and Cognitive Systems:Interactive:Secure Coding:Communication:Robotics:Web:Accessibility and Inclusive Design:Computing History:Understanding the User; Individual Goals and Interactions With Others:Diversity, Equity, Inclusion, and Accessibility:Privacy and Civil Liberties:Mobile Platforms:Models for Ethical Analysis:Sustainability:Protection and Safety:Network Fundamentals:Foundational Security	[0.92541777 0.9651758  0.97076505 0.97383096 0.98676782 0.99078198 0.99124368 0.9967962  1.00098693 1.00755619 1.01902153 1.02045373 1.05566822 1.06124292 1.06484252 1.08632003 1.0887251  1.10678269 1.10696698 1.11071389 1.11511754 1.13086755 1.13305178 1.13633622 1.14118004 1.1420462  1.1425647 ]
CS 400	Accelerated Fundamentals of Computing I	introduces computing solving computational topics programming conditional loops sorting algorithms visualization programming undergraduate baccalaureate computing	Quantum Architectures:Fundamental Issues:Interactive Computing Platforms:Search:Data Analytics:Logical Representation and Reasoning:Agents and Cognitive Systems:Probabilistic Representation and Reasoning:Data Modeling:Perception and Computer Vision:Social Context:Machine Learning:Natural Language Programming:Computing History:Program Analysis and Analyzers:Fundamental Knowledge Representation and Reasoning	[0.72268924 0.7602009  0.76410368 0.7699455  0.79325589 0.83657958 0.84405891 0.84459694 0.86482021 0.89156846 0.91070761 0.91456403 0.91969577 0.93316578 0.93479998 0.93692821]
CS 401	Accelerated Fundamentals of Algorithms I	introduces topics recursion binary breadth algorithms computing shortest stacks queues notation asymptotic np reductions undergraduate baccalaureate computing	Search:Quantum Architectures:Foundational Data Structures and Algorithms:Algorithmic Strategies:Probabilistic Representation and Reasoning:Complexity:Logical Representation and Reasoning:Perception and Computer Vision:Program Analysis and Analyzers:Calculus:Machine Learning:Interactive Computing Platforms:Algorithms	[0.51816993 0.70281786 0.72681682 0.76639043 0.78912878 0.79701718 0.82659907 0.84670299 0.87256117 0.87710765 0.89574123 0.89650853 0.89994602]
CS 402	Accelerated Fundamentals of Computing II	abstractions reusable software reviews encapsulation polymorphism inheritance database programming concurrent programming undergraduate enrollment computing accelerator ican instructor baccalaureate computing	Agents and Cognitive Systems:Advanced Programming Constructs:Fundamental Programming Concepts and Practices:Data Analytics:Design Principles of Programming Languages:Product Requirements:Interactive:Social Context:Fundamental Issues:Object-Oriented Programming:Teamwork	[0.72533998 0.74766021 0.83212548 0.8405829  0.8545418  0.87029997 0.88759753 0.88820726 0.89404724 0.89459777 0.89845642]
CS 403	Accelerated Fundamentals of Algorithms II	introduces topics paradigms algorithm divide conquer greedy recursive programming solving recurrences divide conquer algorithms algorithms computations automata turing reductions undergraduate enrollment computing accelerator ican instructor baccalaureate computing	Quantum Architectures:Search:Probabilistic Representation and Reasoning:Complexity:Perception and Computer Vision:Logical Representation and Reasoning:Fundamental Issues:Interactive Computing Platforms:Logic Programming:Foundational Data Structures and Algorithms:Machine Learning:Calculus:Discrete Mathematics:Fundamental Knowledge Representation and Reasoning:Algorithmic Strategies:Cryptography:Natural Language Programming:Algorithms:Data Modeling:Functional Programming:Data Analytics:Agents and Cognitive Systems:Program Analysis and Analyzers:Software Construction:Robotics:Social Context:Computing History:Computational Models and Formal Languages:Formal Semantics:Probability:Applications and Societal Impact:Design Principles of Programming Languages:Language Pragmatics	[0.47397085 0.49776008 0.72024205 0.79260875 0.80469422 0.81177623 0.83107298 0.85925025 0.86742919 0.87238151 0.87652371 0.88440046 0.89590609 0.89758867 0.90776418 0.91475926 0.91639598 0.92389224 0.93654068 0.94852816 0.9545663  0.96131522 0.96382334 0.970384 0.97324933 0.9813833  0.99285597 0.99841934 1.00589602 1.02191171 1.0305593  1.03174833 1.03199203]
CS 407	Cryptography	cryptography toolbox tolerant protocols securely outsourcing computation untrusted introduce cryptography guarantees protocol primitives undergraduate cryptographic cryptography	Cryptography:Secure Processor Architectures:Role and Purpose of Operating Systems:Foundational Security:System Security:Network Security:Secure Coding:Mobile Platforms:Security Governance:Professional Ethics:Agents and Cognitive Systems:Network Fundamentals	[0.6037121  0.84317502 0.91322337 0.98579324 0.9925831  1.00305295 1.02926723 1.0538668  1.0606466  1.06707851 1.07116836 1.07244953]
CS 409	The Art of Web Programming	server technologies web topics web browsers html css javascript http ajax json expose stack web javascript frameworks scaffold mvc architectures asynchronous programming culminates database web	Web Platforms:Mobile Platforms:Software Design:Common Aspects/Shared Concerns:Event-Driven and Reactive Programming:Formal Development Methodologies:Network Fundamentals:Role and Purpose of Operating Systems:Networked Applications:Real-time and Embedded Systems:Economies of Computing:Routing and Forwarding:Communication	[0.68908235 0.98861715 1.05614045 1.07881791 1.10957937 1.11745189 1.13790877 1.14487075 1.14871981 1.15405216 1.16380193 1.16495242 1.16704117]
CS 410	Text Information Systems	implementation retrieval boolean probabilistic categorization filtering clustering retrieval implementation web	Natural Language Programming:Fundamental Knowledge Representation and Reasoning:Probabilistic Representation and Reasoning:Computing History:Machine Learning:Query Processing:Interactive Computing Platforms:Logical Representation and Reasoning:Agents and Cognitive Systems:Search:Foundational Data Structures and Algorithms:Fundamental Issues:Robotics:Perception and Computer Vision:Data Modeling	[0.86036982 0.89810885 0.91590694 0.92131385 0.92144504 0.95161281 0.95989052 0.9604782  0.97995016 0.98511008 0.99087875 0.99793875 1.01339939 1.01457802 1.01709801]
CS 411	Database Systems	databases entity hierarchical relational dependencies implementation optimization query integrity concurrency database	Core Database System Concepts:Relational Databases:NoSQL Systems:Distributed Databases/Cloud Computing:Query Processing:Semi-structured and Unstructured Databases:Query Construction:DBMS Internals:File Systems API and Implementation:Software Design:Mobile Platforms:Programs:Formal Development Methodologies:Tools and Environments:Fundamental Programming Concepts and Practices:Memory Management	[0.65184827 0.67485572 0.72058723 0.84404345 0.88878274 0.92459512 0.97901954 1.07332466 1.14200816 1.14926072 1.15201282 1.15853782 1.16799707 1.17347146 1.17494543 1.17652078]
CS 412	Introduction to Data Mining	warehousing mining implementation warehouse analytical olap mining implementations	Core Database System Concepts:Distributed Databases/Cloud Computing:NoSQL Systems:Data Analytics:Agents and Cognitive Systems:Interactive Computing Platforms:Data Modeling:Web:Social Context	[0.76190661 0.7822205  0.79739527 0.90630785 0.91208349 0.93705769 0.94601241 0.94697101 0.94999828]
CS 413	Intro to Combinatorics	permutations generating recurrence inclusion exclusion polya instructor	Discrete Mathematics:Logic Programming:Computational Models and Formal Languages:Formal Semantics:Search:Complexity:Logical Representation and Reasoning:Quantum Architectures:Calculus:Probabilistic Representation and Reasoning:Language Pragmatics:Foundational Data Structures and Algorithms:Fundamental Issues	[0.65098819 0.68945437 0.80446615 0.82197447 0.8221532  0.87932664 0.90823912 0.91541563 0.95309557 0.95584356 1.00177742 1.00383959 1.00414847]
CS 414	Multimedia Systems	multimedia audio video encoding scheduling algorithms multimedia os multimedia protocols synchronization schemes user interface multimedia teleservices	Common Aspects/Shared Concerns:Device Management:Embedded Platforms:Secure Processor Architectures:Interfacing and Communication:Networked Applications:Role and Purpose of Operating Systems:Heterogeneous Architectures:System Performance:Overview of Computer Systems:Principles of Operating Systems:Basic Concepts:Mobile Platforms:Emerging Topics:Foundational Security:Tangible/Physical Computing:Sustainability:Single Hop Communication:System Security:Performance Evaluation:Sustainability Issues:Fault Tolerance	[0.9397939  0.9472601  0.95515308 0.96034095 0.99702216 1.01423886 1.01467314 1.02261285 1.02412676 1.03319046 1.0421163  1.04270721 1.04656957 1.04834022 1.05456449 1.05847918 1.06029023 1.06274304 1.06925818 1.07476406 1.07648258 1.07883327]
CS 416	Data Visualization	databases graphics perceptual utilize user datasets topics charts dashboards user	Visualization:Economies of Computing:Web Platforms:Computing History:Mobile Platforms:Understanding the User; Individual Goals and Interactions With Others:Data Analytics:Social Context:Teamwork:Interactive Computing Platforms:Agents and Cognitive Systems:Semi-structured and Unstructured Databases:Digital Forensics	[1.05090078 1.08330794 1.09762314 1.09815551 1.10072131 1.10384786 1.1152547  1.11785717 1.12137416 1.12644526 1.1335574  1.13394906 1.1341155 ]
CS 417	Virtual Reality	fundamentals virtual vr implementing vr topics audio tracking psychophysics user interfaces vr analyzing vr	Immersion:Tangible/Physical Computing:Robot Platforms:Common Aspects/Shared Concerns:Shading and Advanced Rendering:Embedded Platforms:Computer Animation	[0.38611885 0.90685734 0.98974205 1.01382478 1.08616682 1.08908642 1.09012933]
CS 418	Interactive Computer Graphics	computational modeling rendering animating	Applied Rendering Techniques:Shading and Advanced Rendering:Computer Animation:Simulation:Visualization:Interactive Computing Platforms:Geometric Modeling:Fundamental Concepts:Perception and Computer Vision:Image Processing:Quantum Architectures:Robot Platforms:Fundamental Issues:Computing History:Agents and Cognitive Systems:Data Modeling:Probabilistic Representation and Reasoning:Immersion:Search:Data Analytics:Calculus:Machine Learning:Social Context:Linear Algebra:Complexity	[0.62182342 0.63327459 0.78352337 0.82325738 0.86060122 0.86114631 0.90995977 0.93971392 0.94981417 1.00280098 1.01142838 1.01397578 1.03970849 1.05659452 1.06224635 1.06821408 1.07398303 1.08445953 1.08995043 1.09169473 1.09760119 1.10820521 1.11538353 1.1182836 1.11959279]
CS 419	Production Computer Graphics	displaying rendering algebraic splines gaussian bump fractals geometry radiosity texturing animation visualization	Applied Rendering Techniques:Shading and Advanced Rendering:Simulation:Computer Animation:Geometric Modeling:Fundamental Concepts:Visualization:Image Processing:Perception and Computer Vision:Interactive Computing Platforms:Quantum Architectures:Immersion:Robot Platforms:Calculus:Linear Algebra:Probabilistic Representation and Reasoning:Complexity:Machine Learning:Probability:Statistics	[0.40437297 0.45521467 0.60898347 0.72306759 0.7407932  0.87989839 0.89260184 0.90458357 0.91618722 0.96765426 0.9925316  1.02703348 1.04292832 1.0551203  1.06190012 1.0785257  1.08990144 1.1016195 1.10392235 1.1044913 ]
CS 420	Parallel Progrmg: Sci & Engrg	computers programming debugging	Common Aspects/Shared Concerns:Mobile Platforms:Heterogeneous Architectures:Formal Development Methodologies:Web Platforms:Basic Concepts:Role and Purpose of Operating Systems	[0.92038761 0.95850606 0.98968245 0.99910674 1.00667019 1.00801906 1.00827683]
CS 421	Programming Languages & Compilers	programming implementation basics lexing parsing syntax semantic	Syntax Analysis:Compiler Semantic Analysis:Formal Semantics:Language Translation and Execution:Fundamental Programming Concepts and Practices:Functional Programming:Computational Models and Formal Languages:Logic Programming:Discrete Mathematics:Program Abstraction and Representation:Advanced Programming Constructs:Planning:Type Systems:Language Pragmatics:Design Principles of Programming Languages	[0.52088562 0.71979885 0.89789225 0.90618275 0.91006578 0.91288383 0.9265788  0.97354683 0.98459722 0.99106171 0.99996499 1.01240096 1.03928885 1.04335246 1.04372583]
CS 422	Programming Language Design	paradigms imperative programming unifying themes processor	Advanced Programming Constructs:Fundamental Programming Concepts and Practices:Object-Oriented Programming:Agents and Cognitive Systems:Design Principles of Programming Languages:Software Construction:Functional Programming:Software Design:Formal Semantics:Type Systems:Language Pragmatics:Programs:Logic Programming:Formal Development Methodologies:Discrete Mathematics:Software Development Practices	[0.42837624 0.45094177 0.80518567 0.8860166  0.93003631 0.93948466 0.95995462 0.98746317 1.01466909 1.01841498 1.02426014 1.03715882 1.04273253 1.05458418 1.05980538 1.06274114]
CS 423	Operating Systems Design	concurrent programming deadlock virtual processor scheduling	Scheduling:Concurrency:Basic Concepts:Performance and Energy Efficiency:Parallel and Distributed Computing	[0.58751411 0.59751552 0.71760345 0.71935798 0.72057679]
CS 424	Real-Time Systems	supervisory cyber cps fundamentals reliability scheduling feedback software tolerance architecture wireless networking supervisory architecture robot	Common Aspects/Shared Concerns:Role and Purpose of Operating Systems:Embedded Platforms:Tangible/Physical Computing:Mobile Platforms:Real-time and Embedded Systems:Sustainability:Emerging Topics:Network Fundamentals:Foundational Security:Heterogeneous Architectures:Fault Tolerance:Interfacing and Communication:Social Context:Overview of Computer Systems:Computing History:Principles of Operating Systems:Web:Basic Concepts	[0.5649155  0.69456406 0.71880653 0.7222339  0.74321449 0.75315311 0.7552695  0.77617389 0.8034511  0.8206472  0.83225869 0.83439659 0.84364093 0.84479816 0.8540121  0.86703023 0.8981847  0.89951452 0.90124077]
CS 425	Distributed Systems	protocols specification global transactions	Formal Methods:Programs:Language Pragmatics:Software Design:Mobile Platforms:Functional Programming:Fundamental Programming Concepts and Practices:Software Construction:Program Abstraction and Representation:Object-Oriented Programming:Networked Applications:Formal Development Methodologies:Communication	[0.94113755 0.95961213 0.99913653 1.03014586 1.04927461 1.06553893 1.0766049  1.08680449 1.09052376 1.09829133 1.10251875 1.1032848 1.10447269]
CS 426	Compiler Construction	compiler syntax syntax recognizers semantic optimization	Language Translation and Execution:Compiler Semantic Analysis:Syntax Analysis:Program Abstraction and Representation:Fundamental Programming Concepts and Practices:Functional Programming:Software Development Practices:Language Pragmatics:Advanced Programming Constructs:Planning:Formal Semantics:Type Systems:Program Analysis and Analyzers:Computational Models and Formal Languages:Discrete Mathematics:Logic Programming:Object-Oriented Programming:Code Generation	[0.83283667 0.91451356 0.93073048 0.94430867 0.94666369 0.98081842 0.99317856 1.04154249 1.04364025 1.04553036 1.06415481 1.07204059 1.08045022 1.09487572 1.09545036 1.10195563 1.10401226 1.10510379]
CS 427	Software Engineering I	software software paradigms	Common Aspects/Shared Concerns:Role and Purpose of Operating Systems:Mobile Platforms:Embedded Platforms:Heterogeneous Architectures:Formal Development Methodologies:Computing History:Sustainability:Foundational Security:Fault Tolerance:Overview of Computer Systems:Basic Concepts:Web Platforms:Social Context:Real-time and Embedded Systems:Principles of Operating Systems:Secure Processor Architectures:System Security:Interfacing and Communication:System Performance:Software Design:Economies of Computing:Tangible/Physical Computing:Network Fundamentals:Sustainability Issues	[0.62500038 0.72097288 0.7272757  0.80759168 0.82836278 0.84550152 0.84733548 0.89004305 0.89983531 0.90112756 0.91087562 0.9118162 0.91902791 0.91917263 0.92499681 0.93013802 0.93769461 0.94638899 0.9545851  0.95760125 0.96844002 0.97179005 0.98421405 0.98591302 0.98650762]
CS 428	Software Engineering II	software configuration collaborative software interoperability domain software reuse software	Role and Purpose of Operating Systems:Mobile Platforms:Economies of Computing:Common Aspects/Shared Concerns:Formal Development Methodologies:Sustainability:Fault Tolerance:Web Platforms:Real-time and Embedded Systems:Protection and Safety:Foundational Security:Heterogeneous Architectures:Secure Processor Architectures:Web:Social Context:Software Design	[0.70023794 0.77727312 0.79979802 0.80625623 0.83434199 0.85589465 0.87882803 0.8864048  0.88989975 0.89234873 0.90830087 0.92557651 0.93633454 0.94074348 0.94294429 0.94405179]
CS 429	Software Engineering II, ACP	satisfies criteria	Planning:Discrete Mathematics:Logic Programming:Query Processing:Logical Representation and Reasoning:Compiler Semantic Analysis:Computational Models and Formal Languages:Language Pragmatics:Software Verification and Validation:Search:Probabilistic Representation and Reasoning:Formal Semantics:Foundational Data Structures and Algorithms:Complexity:Algorithms:Semi-structured and Unstructured Databases:Algorithmic Strategies:Diversity, Equity, Inclusion, and Accessibility:Calculus	[1.11217323 1.15249259 1.16711673 1.16760426 1.17300621 1.1945362 1.19613319 1.19753298 1.20253563 1.20924394 1.21307574 1.22019495 1.22281537 1.2254391  1.22774876 1.22809372 1.23086188 1.2314259 1.2327302 ]
CS 431	Embedded Systems	sampled embedded architecture embedded embedded microprocessor interface embedded software	Embedded Platforms:Interfacing and Communication:Overview of Computer Systems:Digital Logic and Digital Systems:Assembly Level Machine Organization:Principles of Operating Systems:Heterogeneous Architectures:Performance Evaluation:Basic Concepts:System Performance:Performance and Energy Efficiency:Tangible/Physical Computing:Functional Organization:Real-time and Embedded Systems:Device Management:Sustainability Issues:Common Aspects/Shared Concerns:Secure Processor Architectures:Single Hop Communication:Game Platforms:Resource Management:Role and Purpose of Operating Systems:Process Model:Emerging Topics:Scheduling:Robot Platforms:Virtualization:System Security:Shell Scripting:Foundational Security:Mobile Platforms:Network Fundamentals:Memory Hierarchy:Computing History:Social Context:Fault Tolerance:Mobility:Routing and Forwarding	[0.75639722 0.77349128 0.80126021 0.80714455 0.83241693 0.86232872 0.87094986 0.89688346 0.90545918 0.91501999 0.92476425 0.92793255 0.92894282 0.93358554 0.95214333 0.97091602 0.99717061 1.00515073 1.0178444  1.02092531 1.03133082 1.05699406 1.06334018 1.06751402 1.07164581 1.08036088 1.08521064 1.08881213 1.09435443 1.09469279 1.10103585 1.10661173 1.10849796 1.11648352 1.12261695 1.13065324 1.13164177 1.13309062]
CS 433	Computer System Organization	hardware interface software processor superscalar prediction speculation hierarchy cache optimizations virtual multiprocessor cache coherence synchronization topics gpus accelerators warehouse computers	Sustainability Issues:Performance and Energy Efficiency:Heterogeneous Architectures:Assembly Level Machine Organization:Basic Concepts:Performance Evaluation:Overview of Computer Systems:System Performance:Resource Management:Scheduling:Functional Organization:Memory Hierarchy:Principles of Operating Systems:Embedded Platforms:Interfacing and Communication:Memory Management:Computing History:Common Aspects/Shared Concerns:Parallel and Distributed Computing:Fault Tolerance:Sustainability:Process Model:Concurrency	[0.32784445 0.33466612 0.57545368 0.59286955 0.63948081 0.66072172 0.69330367 0.70007142 0.70261826 0.7375321  0.80343635 0.85626301 0.87388917 0.91092631 0.91904659 0.92411646 0.9497408  0.95352049 0.97208529 0.9904175  1.01030889 1.01080967 1.01397904]
CS 434	Mobile Computing & Application	disciplinary computing smartphones tablets wearable topics smartphone sensing indoor localization augmented analytics utilized	Tangible/Physical Computing:Common Aspects/Shared Concerns:Immersion:Emerging Topics:Embedded Platforms:Mobility:Real-time and Embedded Systems:Digital Forensics:Economies of Computing:Interfacing and Communication:Social Context:Single Hop Communication:Interaction:Computing History:Robot Platforms	[0.91802998 0.97780469 0.99268021 1.00269548 1.00558162 1.01586779 1.02565651 1.03019546 1.03191828 1.03677314 1.04520559 1.04947978 1.05350834 1.05490617 1.05527365]
CS 435	Cloud Networking	foundational computing internet deployed protocols infrastructure deployment virtual infrastructure latency federation continents ece	Network Fundamentals:Mobile Platforms:Emerging Topics:Protection and Safety:Networked Applications:Web:Routing and Forwarding:Sustainability:Fault Tolerance:Software Design:Economies of Computing:Real-time and Embedded Systems:Single Hop Communication:Role and Purpose of Operating Systems:Social Context:Common Aspects/Shared Concerns:Digital Forensics:Web Platforms:Foundational Security:Mobility:Heterogeneous Architectures:Computing History:Interactive:System Reliability	[0.69780973 0.72758524 0.76294984 0.83682425 0.86166111 0.87216062 0.8852475  0.92170386 0.92445192 0.94137636 0.94243752 0.94803298 0.97199512 0.97733972 0.97866115 0.99167621 0.99569558 1.00213033 1.00376933 1.02318386 1.02718504 1.04781939 1.05019069 1.05272474]
CS 436	Computer Networking Laboratory	deployment protocols software compute infrastructures internals infrastructures networking kernels firewall router configuration cisco ios linux networking stack amazon web links confidently deploying implementing protocol	Network Fundamentals:Emerging Topics:Mobile Platforms:Networked Applications:Routing and Forwarding:Role and Purpose of Operating Systems:Single Hop Communication:Mobility:Common Aspects/Shared Concerns:Web Platforms:Secure Processor Architectures:Device Management:Formal Development Methodologies:Sustainability:Interfacing and Communication:Foundational Security:Embedded Platforms:Fault Tolerance:Software Design:Heterogeneous Architectures:Principles of Operating Systems:Sustainability Issues:Real-time and Embedded Systems	[0.50131191 0.57522546 0.59137412 0.61146068 0.73455466 0.76491292 0.8125154  0.85154899 0.86913009 0.93116768 0.93428803 0.94155703 0.95282597 0.96327976 0.96519081 0.97034149 0.97638915 0.98010093 0.98655865 0.99272482 1.02645695 1.02711967 1.02859294]
CS 437	Topics in Internet of Things	topics networked embedded computing internet centric contexts coupling networking protocols computing iot challenges constrained computation environments introduces iot protocol iot specialization iot subtopics topics offerings offerings overlap cs prerequisites	Mobile Platforms:Network Fundamentals:Emerging Topics:Networked Applications:Common Aspects/Shared Concerns:Routing and Forwarding:Sustainability:Social Context:Web:Software Design:Role and Purpose of Operating Systems:Fault Tolerance:Real-time and Embedded Systems:Single Hop Communication:Economies of Computing:Web Platforms:Protection and Safety:Mobility	[0.48740002 0.57863296 0.65656211 0.7106601  0.78076905 0.7912688 0.80974477 0.82396626 0.8249522  0.83369535 0.84843633 0.85883569 0.89660209 0.91263859 0.91385032 0.92212863 0.92401148 0.92406241]
CS 438	Communication Networks	layered architectures osi protocols layers architectures algorithms satellite protocols interconnection overview networking software	Mobile Platforms:Network Fundamentals:Role and Purpose of Operating Systems:Common Aspects/Shared Concerns:Networked Applications:Emerging Topics:Single Hop Communication:Software Design:Heterogeneous Architectures:Routing and Forwarding:Fault Tolerance	[0.54551666 0.70738733 0.71947186 0.7258026  0.74449874 0.74660832 0.78410961 0.81348924 0.82521501 0.82537737 0.83051782]
CS 439	Wireless Networks	overview wireless architectures cellular hop wireless ad hoc mesh sensor wireless routing protocols protocols wireless wireless protocols sensor	Mobility:Single Hop Communication:Emerging Topics:Network Fundamentals:Networked Applications:Routing and Forwarding:Interfacing and Communication:Mobile Platforms:Tangible/Physical Computing:Device Management:Embedded Platforms:Reliability Support:Overview of Computer Systems:Secure Processor Architectures:Role and Purpose of Operating Systems:Digital Logic and Digital Systems:Common Aspects/Shared Concerns:Principles of Operating Systems:System Performance	[0.4103102  0.60356156 0.67887961 0.77625764 0.78111425 0.81360499 0.93074806 0.95804182 0.96321947 0.96660095 0.99935549 1.04278106 1.05785633 1.05898371 1.07242327 1.07308382 1.08711844 1.08750806 1.09116914]
CS 440	Artificial Intelligence	topics solving inference robotics societal impacts	Data Analytics:Agents and Cognitive Systems:Applications and Societal Impact:Fundamental Issues:Interactive Computing Platforms:Social Context:Robotics:Quantum Architectures:Professional Ethics:Search:Product Requirements:Game:Data Modeling:Teamwork:Interactive:Evaluating the Design:Probabilistic Representation and Reasoning:Computing History:Models for Ethical Analysis:Natural Language Programming:Machine Learning	[0.55794612 0.59659762 0.68274214 0.70772187 0.7166137  0.72442323 0.72591762 0.75075794 0.79722566 0.79845962 0.81316508 0.81894552 0.83622493 0.83749668 0.8725797  0.87563337 0.88799547 0.89408828 0.90640627 0.90813654 0.91156726]
CS 441	Applied Machine Learning	regression regression regression regression regression logistic regression boosting forests clustering agglomerative clustering resampling validation bootstrap aic stepwise lasso markov estimation neural exposition interpreting audio	Fundamental Knowledge Representation and Reasoning:Machine Learning:Probability:Statistics:Natural Language Programming:Probabilistic Representation and Reasoning:Perception and Computer Vision:Calculus:Image Processing:Interactive Computing Platforms:Data Modeling:Complexity:Quantum Architectures:Fundamental Issues:Logical Representation and Reasoning:Search:Data Analytics:Visualization:Foundational Data Structures and Algorithms:Linear Algebra:Robotics:Geometric Modeling:Simulation:Algorithms:Algorithmic Strategies:Discrete Mathematics	[0.54524914 0.55491723 0.63043877 0.64076559 0.75558533 0.82934969 0.83978769 0.88094288 0.89722255 0.94044053 0.9608365  0.96503102 0.97404449 0.97601453 1.00704372 1.00988637 1.03967678 1.04263276 1.04591053 1.0532065  1.06404615 1.0731719  1.07837714 1.08619594 1.08785799 1.08903638]
CS 442	Trustworthy Machine Learning	prepares privacy educates strategies vulnerabilities algorithms trustworthy topics regression pca adversarial algorithms privacy valuation defenses reinforced topic coding exams analyze interactions attackers defenders trustworthy topic homework classifier designing adversarial classifier defenses robustness classifier topics demonstrating algorithms	Data Analytics:Fundamental Issues:Interactive Computing Platforms:Robotics:Applications and Societal Impact:Agents and Cognitive Systems:Social Context:Natural Language Programming:Data Modeling:Probabilistic Representation and Reasoning:Fundamental Knowledge Representation and Reasoning:Machine Learning:Evaluating the Design:Computing History:Product Requirements	[0.47855135 0.6878649  0.69893216 0.71401496 0.71992521 0.73460049 0.73698531 0.80868826 0.80890488 0.81781465 0.82442906 0.83375501 0.86010187 0.86326119 0.86365457]
CS 444	Deep Learning for Computer Vision	neural topics classifiers layer neural propagation stochastic descent convolutional neural detection dense labeling recurrent neural transformers generative adversarial variational autoencoders reinforcement coursework programming framework	Machine Learning:Fundamental Knowledge Representation and Reasoning:Natural Language Programming:Perception and Computer Vision:Interactive Computing Platforms:Probabilistic Representation and Reasoning:Quantum Architectures:Image Processing:Fundamental Issues:Data Modeling:Search	[0.6006694  0.68972719 0.73652803 0.90647499 0.91463364 0.92316082 0.9358675  0.95547793 0.97414358 0.97442934 0.97632474]
CS 445	Computational Photography	enhance manipulate photo collections panoramic stitching morphing blending reconstruction	Applied Rendering Techniques:Shading and Advanced Rendering:Simulation:Fundamental Concepts:Geometric Modeling:Computer Animation:Image Processing:Perception and Computer Vision:Visualization:Interactive Computing Platforms:Immersion:Robot Platforms:Quantum Architectures:Calculus:Linear Algebra:Probabilistic Representation and Reasoning:Machine Learning:Complexity:Statistics:Fundamental Knowledge Representation and Reasoning:Probability	[0.61485231 0.69047882 0.74860171 0.76910139 0.84710553 0.85826319 0.89564868 0.921377   0.98746573 1.04058455 1.05337679 1.08225568 1.08492722 1.09715818 1.10505165 1.11470381 1.12028152 1.13475993 1.14398659 1.14494923 1.14799547]
CS 446	Machine Learning	paradigms discriminative generative reinforcement regression logistic regression nets dimensionality gaussian mixtures expectation maximization markov mining adaptive	Fundamental Knowledge Representation and Reasoning:Machine Learning:Natural Language Programming:Probability:Probabilistic Representation and Reasoning:Statistics:Perception and Computer Vision:Quantum Architectures:Interactive Computing Platforms:Calculus:Fundamental Issues:Image Processing:Data Modeling:Search:Logical Representation and Reasoning:Complexity:Data Analytics:Foundational Data Structures and Algorithms:Robotics:Algorithms:Algorithmic Strategies:Logic Programming:Agents and Cognitive Systems:Discrete Mathematics	[0.26405752 0.47626316 0.57400003 0.75452831 0.77182734 0.78018172 0.85591326 0.87830133 0.88829753 0.90143026 0.92042317 0.92571597 0.93227786 0.95038151 0.95397913 0.96992108 0.99821686 1.01346204 1.01882955 1.04654187 1.05086061 1.06141656 1.06308289 1.06428417]
CS 447	Natural Language Processing	tagging parsing semantic linguistics morphology lexical semantics syntax compositional semantics ling	Compiler Semantic Analysis:Syntax Analysis:Functional Programming:Formal Semantics:Computational Models and Formal Languages:Logical Representation and Reasoning:Software Construction:Design Principles of Programming Languages:Logic Programming:Discrete Mathematics:Language Pragmatics:Planning:Program Abstraction and Representation:Object-Oriented Programming:Type Systems:Fundamental Programming Concepts and Practices:Probabilistic Representation and Reasoning:Fundamental Issues:Advanced Programming Constructs:Language Translation and Execution:Search:Natural Language Programming:Program Analysis and Analyzers	[0.53740758 0.6926795  0.75641893 0.78042327 0.8202917  0.88288444 0.90514293 0.91254071 0.91653736 0.92225919 0.94272676 0.96279125 0.96463834 0.98330307 0.99589077 1.01113431 1.01458375 1.03557735 1.04358458 1.05422765 1.08641491 1.08681502 1.08733215]
CS 448	Audio Computing Laboratory	computational audio audio implementation virtual audio rendering manipulations autotuning denoising forensics audio retrieval audio rudimentary audio coding audio audio restoration lab collectively implement audio laptops headphones lab	Immersion:Tangible/Physical Computing:Robot Platforms:Embedded Platforms:Fundamental Concepts:Overview of Computer Systems:Digital Logic and Digital Systems:Interfacing and Communication:Device Management:Single Hop Communication:Image Processing:Common Aspects/Shared Concerns:Principles of Operating Systems:Shading and Advanced Rendering:System Performance:Game Platforms	[0.944227   0.98046232 1.02933662 1.03023965 1.05915107 1.06482933 1.07810324 1.07928647 1.09167384 1.09913262 1.10297842 1.10758807 1.11369652 1.12070773 1.12093402 1.12256063]
CS 450	Numerical Analysis	solvers optimization interpolation approximation solving nonlinear equations eigenvalue squares quadrature partial equations cs cs	Calculus:Complexity:Search:Probability:Perception and Computer Vision:Linear Algebra:Probabilistic Representation and Reasoning:Statistics:Quantum Architectures:Foundational Data Structures and Algorithms:Logical Representation and Reasoning:Simulation:Discrete Mathematics:Machine Learning:Logic Programming	[0.38945391 0.54414867 0.85802666 0.87002513 0.87813762 0.88258819 0.89432505 0.92673172 0.92942902 0.93712135 0.9405964  0.95125442 0.96146266 0.96370981 0.96407275]
CS 457	Numerical Methods II	orthogonalization squares krylov subspace equations optimization partial equations cs	Calculus:Complexity:Linear Algebra:Probability:Perception and Computer Vision:Statistics:Probabilistic Representation and Reasoning:Foundational Data Structures and Algorithms:Quantum Architectures:Search:Simulation:Image Processing:Machine Learning	[0.4974142  0.58852879 0.84550337 0.87928679 0.90834193 0.93308871 0.93684378 0.93988954 0.95373977 0.95666984 0.96597416 0.97021248 0.97099564]
CS 460	Security Laboratory	malware firewalls sniffing tunnels intrusion detection aaa worm forensics architectures complements	Security Policies, Laws, and Computer Crimes:Network Security:System Security:Foundational Security:Secure Coding:Security Analysis, Design, and Engineering:Role and Purpose of Operating Systems:Privacy and Civil Liberties:Software Reliability:Security Governance:Robotics:Professional Ethics:Mobile	[0.456082   0.72545114 0.88040866 0.96282133 0.96631573 1.02429561 1.03291898 1.03304691 1.0486756  1.04903016 1.06797645 1.06821296 1.06984547]
CS 461	Computer Security I	privacy vulnerabilities malicious software secrecy integrity trusted computing mandatory discretionary certification accreditation authentication auditing intrusion detection cryptography protocols	Security Analysis, Design, and Engineering:Security Governance:Foundational Security:Privacy and Civil Liberties:Network Security:Role and Purpose of Operating Systems:Security Policies, Laws, and Computer Crimes:Data Security and Privacy:Secure Coding:Secure Processor Architectures:Mobile:Professional Ethics:Software Verification and Validation:Software Reliability:System Security:Cryptography:Formal Development Methodologies:Protection and Safety:Accessibility and Inclusive Design:Robotics:Product Requirements:Interactive:Sustainability:Economies of Computing:Web	[0.56838283 0.68067361 0.70684663 0.70795973 0.75327746 0.80736475 0.81394593 0.83278675 0.9136098  0.92054691 0.98368711 0.99660096 1.00272828 1.0122557  1.01299597 1.02872029 1.02886763 1.04275287 1.0438846  1.04960293 1.05439007 1.06304642 1.07453391 1.07631775 1.08028885]
CS 463	Computer Security II	trusted privacy anonymity confinement auditing forensics intrusion detection specification verification protocols topics cryptography cs	Security Analysis, Design, and Engineering:Privacy and Civil Liberties:Security Governance:Foundational Security:Network Security:Data Security and Privacy:Security Policies, Laws, and Computer Crimes:Role and Purpose of Operating Systems:Secure Coding:Professional Ethics:Secure Processor Architectures:Mobile:Software Verification and Validation:Software Reliability:Accessibility and Inclusive Design:Robotics:Cryptography	[0.60750474 0.70708436 0.70893465 0.73868137 0.76211905 0.80471886 0.81986746 0.88665625 0.90658198 0.94294582 0.97173864 0.98404596 0.99100687 1.01545627 1.02423205 1.02546559 1.02563951]
CS 464	Topics in Societal and Ethical Impacts of Computer Technology	topics versus cyberspace discourse privacy livelihoods automation fairness divide topics offerings offerings overlap cs cs stat stat	Applications and Societal Impact:Teamwork:Game:Data Analytics:Professional Ethics:Evaluating the Design:Product Requirements:Diversity, Equity, Inclusion, and Accessibility:Robotics:Interactive:Social Context:Agents and Cognitive Systems:Web:Economies of Computing:Mobile:Models for Ethical Analysis:Digital Forensics:Secure Coding:Sustainability:Accessibility and Inclusive Design:Fundamental Issues:Protection and Safety:Security Governance:Computing History:Privacy and Civil Liberties:Interactive Computing Platforms:System Design:Foundational Security:Data Modeling	[0.56701317 0.66577037 0.67387167 0.69600213 0.72602824 0.73043569 0.73757136 0.76299106 0.76758304 0.7802072  0.7879793  0.79994311 0.86529093 0.88991554 0.90182241 0.90908443 0.91036484 0.94333202 0.94803768 0.9540731  0.97196915 0.97655871 1.00219265 1.00924219 1.00933358 1.03496048 1.04263714 1.04289329 1.0469531 ]
CS 465	User Interface Design	focused user interface implementation domain user iterative prototyping interfaces user cognitive walkthroughs usability implementation prototype majors enroll programmers implementation	Software Design:Formal Development Methodologies:Product Requirements:Software Construction:Language Pragmatics:Advanced Programming Constructs:Mobile Platforms:Fundamental Programming Concepts and Practices:Agents and Cognitive Systems:Interactive:Object-Oriented Programming:Accessibility and Inclusive Design:Teamwork	[0.83630355 0.85060691 0.92673438 0.93545335 0.93968324 0.95210253 0.98257351 0.98685785 1.00308878 1.00452722 1.00927522 1.01281667 1.01288632]
CS 466	Introduction to Bioinformatics	algorithmic bioinformatics computationally discovering genes interactions genes ii algorithmic applicability solving programming probabilistic iii translating algorithmic biologists	Fundamental Issues:Probabilistic Representation and Reasoning:Interactive Computing Platforms:Quantum Architectures:Logical Representation and Reasoning:Search:Data Modeling:Data Analytics:Agents and Cognitive Systems:Fundamental Knowledge Representation and Reasoning:Perception and Computer Vision:Natural Language Programming:Logic Programming:Software Construction:Computing History:Discrete Mathematics:Machine Learning:Design Principles of Programming Languages:Social Context:Cryptography:Robotics:Functional Programming:Calculus:Formal Semantics:Complexity:Computational Models and Formal Languages:Applications and Societal Impact:Program Analysis and Analyzers:Foundational Data Structures and Algorithms:Language Pragmatics:Probability:Models for Ethical Analysis:Statistics:Diversity, Equity, Inclusion, and Accessibility:Image Processing:Robot Platforms:Algorithms:Algorithmic Strategies	[0.55826485 0.59792111 0.61783212 0.64947857 0.68077275 0.70442986 0.7350556  0.74544363 0.75133621 0.77714732 0.79025659 0.82790193 0.83243914 0.84053992 0.84059968 0.85357302 0.85437436 0.87867583 0.87904563 0.88566888 0.9130492  0.91740825 0.92093503 0.94322441 0.94878914 0.96154231 0.96901139 0.98377507 0.98709668 0.98953829 1.00425471 1.00828863 1.0128925  1.01542095 1.02585823 1.04277112 1.04512378 1.04610383]
CS 467	Social Visualization	visualizing networked spaces networked messaging email messaging networking collaborative visualizations visualization visualizing compilations online	Mobile Platforms:Networked Applications:Emerging Topics:Network Fundamentals:Sustainability:Social Context:Web:Common Aspects/Shared Concerns:Fault Tolerance:Routing and Forwarding:Real-time and Embedded Systems:Economies of Computing:Role and Purpose of Operating Systems:Agents and Cognitive Systems:Protection and Safety:Mobility:Tangible/Physical Computing:Computing History:Interactive:Software Design:Single Hop Communication:Game:Data Analytics:Digital Forensics:Heterogeneous Architectures:Teamwork:Memory Hierarchy:Web Platforms:Robot Platforms:Basic Concepts:Communication:Foundational Security:Interactive Computing Platforms:Formal Development Methodologies:System Reliability:Robotics:Embedded Platforms	[0.76591675 0.77761055 0.79785041 0.80449764 0.82336225 0.83811924 0.85212004 0.86243098 0.88513272 0.89762032 0.89882873 0.94497235 0.94514661 0.94972411 0.96222707 0.97951323 0.98601544 0.99073698 0.99147514 0.99548344 0.99898003 1.00857218 1.01400689 1.01484258 1.01897777 1.02220654 1.02594283 1.03125437 1.04696818 1.04947086 1.05299522 1.05871804 1.06306375 1.06558256 1.07345322 1.07710725 1.07900692]
CS 468	Tech and Advertising Campaigns	maturation internet journalism impacts user designing web web completing	Economies of Computing:Digital Forensics:Web:Teamwork:Privacy and Civil Liberties:Real-time and Embedded Systems:Game:Web Platforms	[0.82506125 0.8549676  0.92054089 0.95331042 0.95784447 0.97144672 0.97281528 0.97458808]
CS 469	Computational Advertising Infrastructure	technologies web auctions behavioral targeting viral underpin advertisements ads ads computational adverting algorithmic personalized advertisements privacy	Economies of Computing:Digital Forensics:Teamwork:Game:Interactive:Professional Ethics:Web:Privacy and Civil Liberties:Evaluating the Design:Secure Coding:Social Context:Foundational Security:Accessibility and Inclusive Design:Sustainability:Common Aspects/Shared Concerns:Real-time and Embedded Systems	[0.86826771 0.94527211 0.96076742 0.97786577 0.98539885 1.02792228 1.02848819 1.03228731 1.0435265  1.0446127  1.04745246 1.05547112 1.06137319 1.06601238 1.06874343 1.0708017 ]
CS 473	Algorithms	approximation algorithms randomized algorithms amortized topics programming	Search:Quantum Architectures:Foundational Data Structures and Algorithms:Algorithms:Algorithmic Strategies:Perception and Computer Vision:Probabilistic Representation and Reasoning:Cryptography:Machine Learning:Interactive Computing Platforms:Fundamental Knowledge Representation and Reasoning:Calculus:Natural Language Programming:Fundamental Issues:Complexity:Robotics:Logical Representation and Reasoning:Agents and Cognitive Systems:Data Modeling:Data Analytics:Social Context:Image Processing:Computing History:Probability:Logic Programming:Discrete Mathematics:Program Analysis and Analyzers:Computational Models and Formal Languages:Statistics	[0.59715297 0.63279248 0.6745934  0.69411341 0.74618093 0.83672009 0.85264289 0.85929848 0.86150022 0.86769315 0.87533317 0.88118519 0.88753167 0.9208254  0.92769862 0.93969834 0.9432958  0.97048349 0.97488119 0.98382704 0.99235879 0.99956358 1.00170432 1.0142257 1.02218648 1.02352984 1.04117582 1.04419971 1.04436652]
CS 474	Logic in Computer Science	emphasizing computable automated databases prepares ai topics syntax semantics proofs propositional decidable logics realizations smt solvers descriptive topics logics verification modal temporal courcelle theorem parameterized database query	Discrete Mathematics:Logic Programming:Logical Representation and Reasoning:Formal Semantics:Computational Models and Formal Languages:Probabilistic Representation and Reasoning:Functional Programming:Fundamental Issues:Quantum Architectures:Software Construction:Design Principles of Programming Languages:Language Pragmatics	[0.5153982  0.53050968 0.58540211 0.62549218 0.66371669 0.73703799 0.7984817  0.85733112 0.87207013 0.88510229 0.88510698 0.8895679 ]
CS 475	Formal Models of Computation	automata pushdown automata turing recursively enumerable bounded automata computability halting undecidable recursive chomsky hierarchy computational	Computational Models and Formal Languages:Logic Programming:Discrete Mathematics:Logical Representation and Reasoning:Formal Semantics:Probabilistic Representation and Reasoning:Functional Programming:Search:Complexity:Quantum Architectures:Software Construction:Compiler Semantic Analysis:Syntax Analysis:Language Pragmatics:Design Principles of Programming Languages	[0.48477614 0.75089119 0.75129384 0.76494593 0.8100117  0.8449978 0.87619653 0.95029962 0.95312323 0.97150185 0.97723572 0.99464466 1.00304692 1.00511886 1.00517961]
CS 476	Program Verification	demonstrating correctness invariant assertions hoare axiomatics orderings proving termination induction computational induction overview predicate calculus	Discrete Mathematics:Formal Semantics:Logic Programming:Computational Models and Formal Languages:Logical Representation and Reasoning:Language Pragmatics:Probabilistic Representation and Reasoning:Software Construction:Functional Programming:Design Principles of Programming Languages:Search:Fundamental Issues:Compiler Semantic Analysis:Type Systems:Program Analysis and Analyzers:Quantum Architectures:Complexity:Planning	[0.45070199 0.5440341  0.55401511 0.60249378 0.62011309 0.76244672 0.80278587 0.84010919 0.86290021 0.88209754 0.91172556 0.91962982 0.9331005  0.94286578 0.95290379 0.97349193 0.97433287 0.97985864]
CS 477	Formal Software Development Methods	software specification verification	Formal Methods:Secure Processor Architectures:Security Analysis, Design, and Engineering:Foundational Security:Role and Purpose of Operating Systems:Security Governance:Privacy and Civil Liberties:Accessibility and Inclusive Design:Secure Coding	[0.73030674 0.7927908  0.80087794 0.80239815 0.84701175 0.86727531 0.9215038  0.92366705 0.92545768]
CS 481	Advanced Topics in Stochastic Processes & Applications	modeling stochastic transient markov chains renewal queuing embedded markov queuing reliability discrete markov chains poisson	Probabilistic Representation and Reasoning:Interactive Computing Platforms:Fundamental Issues:Data Modeling:Machine Learning:Perception and Computer Vision:Fundamental Knowledge Representation and Reasoning:Quantum Architectures:Natural Language Programming:Data Analytics:Logical Representation and Reasoning:Search:Agents and Cognitive Systems:Calculus:Complexity:Image Processing:Computing History:Robotics:Probability:Statistics:Logic Programming:Discrete Mathematics:Social Context:Software Construction:Design Principles of Programming Languages:Functional Programming:Applications and Societal Impact:Program Analysis and Analyzers	[0.61510103 0.62244549 0.62350878 0.65916297 0.71596372 0.7388653 0.74157128 0.75936477 0.75944184 0.80624536 0.82928605 0.83962207 0.91360648 0.93032675 0.94764985 0.9493812  0.95602586 0.95720043 0.96487434 0.96847057 0.97437068 0.98177281 0.98294432 0.99364469 0.99735734 1.02319373 1.02734138 1.02736037]
CS 482	Simulation	discrete simulation modeling verification validation simulation modeling distributions variate	Probability:Statistics:Interactive Computing Platforms:Machine Learning:Fundamental Knowledge Representation and Reasoning:Probabilistic Representation and Reasoning:Fundamental Issues:Data Modeling:Perception and Computer Vision:Natural Language Programming:Quantum Architectures:Calculus:Data Analytics:Image Processing:Logical Representation and Reasoning:Complexity:Search:Computing History:Robotics:Simulation:Visualization:Agents and Cognitive Systems:Shading and Advanced Rendering:Social Context:Robot Platforms:Geometric Modeling:Applied Rendering Techniques:Linear Algebra:Diversity, Equity, Inclusion, and Accessibility:Applications and Societal Impact:Logic Programming:Foundational Data Structures and Algorithms:Design Principles of Programming Languages	[0.69354846 0.69829007 0.71834645 0.71888081 0.74618936 0.78655288 0.80002633 0.80080972 0.83928354 0.8480048  0.85043533 0.86329393 0.86930604 0.90377127 0.91997277 0.97682665 0.97728082 0.98218582 1.00381165 1.00955647 1.0131227  1.01630333 1.03129586 1.03209191 1.0361098  1.05172    1.06678664 1.07075216 1.07754125 1.08253459 1.08839149 1.08934631 1.08960949]
CS 483	Applied Parallel Programming	programming processors computation cores computational parallelism programming mapping computations hardware paradigms algorithms	Performance and Energy Efficiency:Heterogeneous Architectures:Basic Concepts:Functional Organization:Overview of Computer Systems:Assembly Level Machine Organization:Scheduling:Performance Evaluation:Sustainability Issues:Resource Management:Parallel and Distributed Computing:Computing History:Program Analysis and Analyzers:System Performance:Principles of Operating Systems:Programs:Common Aspects/Shared Concerns:Concurrency:Code Generation:Social Context:Quantum Architectures:Embedded Platforms:Agents and Cognitive Systems:Memory Hierarchy:Interactive Computing Platforms:Sustainability:Memory Management:Interfacing and Communication:Web:Digital Logic and Digital Systems	[0.62802845 0.6612713  0.69747009 0.73421669 0.74961036 0.7814827 0.78573216 0.79610232 0.7996104  0.85506552 0.87758906 0.92839674 0.92989535 0.93658459 0.93731608 0.94902529 0.95772181 0.96162818 0.97467221 0.98717068 0.99423652 1.00713179 1.01645613 1.02187604 1.03352714 1.04449675 1.04503116 1.05195614 1.05460956 1.05666681]
CS 484	Parallel Programming	programming computers multiprocessors simd processors processors programming reactive transformational programming speculation speedup isoefficiency balancing synchronization primitives programming openmp mpi monitoring tuning programming algorithms	Performance and Energy Efficiency:Heterogeneous Architectures:Basic Concepts:Scheduling:Functional Organization:Overview of Computer Systems:Assembly Level Machine Organization:Sustainability Issues:Parallel and Distributed Computing:Performance Evaluation:Resource Management:Principles of Operating Systems:Concurrency:Common Aspects/Shared Concerns:Computing History:System Performance:Social Context:Programs:Code Generation:Memory Hierarchy:Embedded Platforms:Agents and Cognitive Systems:Sustainability:Fault Tolerance:Memory Management:Process Model	[0.6085729  0.64401264 0.64969907 0.65064912 0.75009218 0.75421819 0.77558831 0.78305242 0.78904495 0.8034926  0.81724424 0.88458658 0.88819097 0.89676388 0.89807307 0.93038149 0.93972514 0.94570815 0.99368711 0.994309   1.00449847 1.00977411 1.01680078 1.02845875 1.03125514 1.0330147 ]
CS 491	Seminar	seminar topics grading topics	Evaluating the Design:Teamwork:Understanding the User; Individual Goals and Interactions With Others:Data Analytics:Digital Forensics:Applications and Societal Impact:Game:Interactive:Professional Ethics:Social Context:Agents and Cognitive Systems	[1.01242892 1.03480625 1.04568632 1.06099914 1.06150147 1.07320837 1.08100843 1.09897462 1.10476246 1.10547335 1.10668735]
CS 492	Senior Project I	implementation sponsors	Teamwork:Product Requirements:Game:Professional Ethics:Interactive:Digital Forensics:Evaluating the Design:Economies of Computing:Social Context:Applications and Societal Impact:Accessibility and Inclusive Design:Agents and Cognitive Systems:Data Analytics:Secure Coding:Privacy and Civil Liberties:Robotics:Understanding the User; Individual Goals and Interactions With Others:Language Pragmatics:Web:Diversity, Equity, Inclusion, and Accessibility:Communication:Security Analysis, Design, and Engineering:Mobile Platforms:Computing History:Models for Ethical Analysis:Formal Development Methodologies:Formal Methods	[0.87498867 0.92149658 0.9401013  0.9630267  0.97637764 0.97988089 0.98115386 0.98563428 0.99248681 1.00348162 1.01824532 1.02646429 1.02835674 1.04353197 1.06077972 1.06623936 1.07311048 1.0756293 1.07692153 1.08985727 1.09388143 1.09549338 1.09861056 1.10267982 1.10914881 1.10923742 1.11042712]
CS 493	Senior Project II, ACP	satisfies criteria	Planning:Discrete Mathematics:Logic Programming:Query Processing:Logical Representation and Reasoning:Compiler Semantic Analysis:Computational Models and Formal Languages:Language Pragmatics:Software Verification and Validation:Search:Probabilistic Representation and Reasoning:Formal Semantics:Foundational Data Structures and Algorithms:Complexity:Algorithms:Semi-structured and Unstructured Databases:Algorithmic Strategies:Diversity, Equity, Inclusion, and Accessibility:Calculus	[1.11217323 1.15249259 1.16711673 1.16760426 1.17300621 1.1945362 1.19613319 1.19753298 1.20253563 1.20924394 1.21307574 1.22019495 1.22281537 1.2254391  1.22774876 1.22809372 1.23086188 1.2314259 1.2327302 ]
CS 494	Senior Project II	 	 	 
CS 497	CS Team Project	cs cs topics topics	Teamwork:Evaluating the Design:Applications and Societal Impact:Data Analytics:Agents and Cognitive Systems:Interactive:Social Context:Digital Forensics:Game:Professional Ethics:Product Requirements:Communication:Secure Coding:Understanding the User; Individual Goals and Interactions With Others:Robotics:Economies of Computing:Natural Language Programming:Data Modeling:Computing History:Interactive Computing Platforms:Cryptography:Fundamental Knowledge Representation and Reasoning:Shell Scripting:Accessibility and Inclusive Design:Web:Fundamental Issues:Web Platforms:Game Platforms:Advanced Programming Constructs:Models for Ethical Analysis	[1.13472106 1.14500378 1.14821133 1.16131004 1.16205992 1.17093917 1.17320167 1.17648354 1.17734997 1.17870389 1.18841084 1.19458263 1.19946466 1.20313687 1.20975502 1.2137478  1.21694904 1.21754776 1.2199661  1.22115123 1.22805025 1.2287545  1.23229114 1.23399853 1.23622956 1.23796087 1.2396559  1.24213952 1.24286146 1.24339911]
CS 498	Special Topics	offerings augment departmental topics prerequisites topics	Teamwork:Digital Forensics:Evaluating the Design:Game:Professional Ethics:Economies of Computing:Social Context:Product Requirements:Applications and Societal Impact:Data Analytics:Agents and Cognitive Systems:Interactive:Secure Coding:Communication:Robotics:Web:Accessibility and Inclusive Design:Computing History:Understanding the User; Individual Goals and Interactions With Others:Diversity, Equity, Inclusion, and Accessibility:Privacy and Civil Liberties:Mobile Platforms:Models for Ethical Analysis:Sustainability:Protection and Safety:Network Fundamentals:Foundational Security	[0.92541777 0.9651758  0.97076505 0.97383096 0.98676782 0.99078198 0.99124368 0.9967962  1.00098693 1.00755619 1.01902153 1.02045373 1.05566822 1.06124292 1.06484252 1.08632003 1.0887251  1.10678269 1.10696698 1.11071389 1.11511754 1.13086755 1.13305178 1.13633622 1.14118004 1.1420462  1.1425647 ]
CS 499	Senior Thesis	thesis implementation thesis satisfies criteria	Search:Foundational Data Structures and Algorithms:Quantum Architectures:Algorithms:Algorithmic Strategies:Cryptography:Probabilistic Representation and Reasoning:Agents and Cognitive Systems:Interactive Computing Platforms:Data Analytics:Perception and Computer Vision:Fundamental Knowledge Representation and Reasoning	[0.79760796 0.80123073 0.81426366 0.81552006 0.82334546 0.87097538 0.90958693 0.932743   0.94110165 0.96134785 0.96244611 0.96466984]
CS 500	Current Topics in Computing Education Research	topics computers constructivism behaviorism cognitivism potentiated computing topics programming computing topics ethically culminate topics offerings offerings overlap cs	Teamwork:Social Context:Applications and Societal Impact:Data Analytics:Professional Ethics:Agents and Cognitive Systems:Game	[0.71082411 0.75127995 0.77546335 0.82091178 0.83859527 0.83983262 0.84025747]
CS 508	Manycore Parallel Algorithms	algorithm enhancing scalability software scatter spatial sorting binning privatization conflicts tiling locality regularization compaction conserve bandwidth buffering overlap latencies layout dram accesses	Program Analysis and Analyzers:Evaluation:Image Processing:Code Generation:Memory Hierarchy:Memory Management:Programs:Systems Execution and Memory Model:Search:System Reliability:Shading and Advanced Rendering:Quantum Architectures:Perception and Computer Vision:Machine Learning:System Design:Computing History:Concurrency:Coordination:Probabilistic Representation and Reasoning:Complexity	[0.84333011 0.9179713  0.94250696 0.95223463 0.96469079 0.97113375 0.97835007 0.99218146 0.99281472 1.01175729 1.01513428 1.02098534 1.02345226 1.0327094  1.03874247 1.04374241 1.04931537 1.05375809 1.05379237 1.0564307 ]
CS 510	Advanced Information Retrieval	algorithms retrieval milestones retrieval methodology retrieval probabilistic retrieval algorithms probabilistic topic retrieval analytics topics frontiers retrieval	Data Analytics:Interactive Computing Platforms:Fundamental Issues:Agents and Cognitive Systems:Data Modeling:Social Context:Natural Language Programming:Search:Fundamental Knowledge Representation and Reasoning:Probabilistic Representation and Reasoning:Machine Learning:Computing History:Quantum Architectures:Robotics:Logical Representation and Reasoning:Perception and Computer Vision:Web:Sustainability:Cryptography:Design Principles of Programming Languages:Applications and Societal Impact:Diversity, Equity, Inclusion, and Accessibility:Software Construction:Interactive:Image Processing:Models for Ethical Analysis	[0.72282403 0.73010214 0.7827566  0.80222071 0.81879131 0.82637821 0.86876679 0.86948015 0.87871053 0.88563894 0.89116587 0.89860783 0.90577325 0.91653551 0.95640867 0.97310816 0.98491042 1.00325696 1.00553265 1.00761407 1.0143893  1.02898248 1.04075503 1.05577462 1.05667668 1.06008913]
CS 511	Advanced Data Management	implementation relational extensibility query indexing query transaction benchmarks unstructured extraction web mining	Core Database System Concepts:NoSQL Systems:Distributed Databases/Cloud Computing:Semi-structured and Unstructured Databases:Query Processing:Query Construction:Relational Databases:DBMS Internals:Sustainability:Web:Protection and Safety:Computing History	[0.59529349 0.73556978 0.78710451 0.79580034 0.84832656 0.9930517 1.02007278 1.07914788 1.08762772 1.10237405 1.10410204 1.1042868 ]
CS 512	Data Mining Principles	algorithms mining descriptive predictive mining mining sequential clustering outlier fraud detection web biomedical mining privacy mining frontiers	Data Analytics:Interactive Computing Platforms:Natural Language Programming:Fundamental Issues:Fundamental Knowledge Representation and Reasoning:Machine Learning:Data Modeling:Agents and Cognitive Systems:Social Context:Probabilistic Representation and Reasoning:Quantum Architectures:Robotics:Perception and Computer Vision:Search:Logical Representation and Reasoning:Applications and Societal Impact:Computing History:Cryptography:Digital Forensics:Evaluating the Design:Statistics	[0.58823809 0.66968847 0.70099085 0.72631917 0.72766387 0.76861486 0.78214725 0.81992756 0.83383098 0.84539974 0.85639221 0.87993104 0.8822398  0.89601046 0.91749027 0.94352244 0.9437136  0.99011305 1.0047782  1.00811531 1.00901607]
CS 513	Theory & Practice of Data Cleaning	cleansing assessing curation identifies lifecycle reviews checking database schema	Evaluating the Design:Product Requirements:Security Governance:Data Analytics:Game:Formal Development Methodologies:Digital Forensics:Mobile:Security Analysis, Design, and Engineering:Core Database System Concepts:Interactive:Privacy and Civil Liberties:Professional Ethics:Sustainability:Teamwork	[0.99136895 0.99537729 1.01001423 1.02411655 1.0285606  1.03713652 1.05372017 1.05481487 1.06089193 1.07268772 1.07488859 1.07761187 1.08048405 1.08233976 1.08234484]
CS 514	Advanced Topics in Network Science	topics architecture mining algorithms topics offerings offerings overlap cs prerequisites corequisites	Social Context:Agents and Cognitive Systems:Robotics:Teamwork:Data Analytics:Interactive:Applications and Societal Impact:Game:Professional Ethics:Economies of Computing:Computing History	[0.74422033 0.7641025  0.82829691 0.84765928 0.87387976 0.91255824 0.91328774 0.94451922 0.96021408 0.96073521 0.96175938]
CS 519	Scientific Visualization	visualization computational schemes scalar tensor isosurface visualization monitoring interactive steering	Visualization:Interactive Computing Platforms:Geometric Modeling:Perception and Computer Vision:Applied Rendering Techniques:Simulation:Shading and Advanced Rendering:Quantum Architectures:Image Processing:Probabilistic Representation and Reasoning:Fundamental Issues:Computer Animation:Data Modeling:Fundamental Knowledge Representation and Reasoning	[0.57926593 0.6911368  0.69291833 0.74817637 0.76271374 0.80840971 0.8383683  0.88364032 0.88621014 0.90945297 0.94460896 0.96289512 0.96454684 0.96619223]
CS 521	Advanced Topics in Programming Systems	topics verifying software checking automated verification automated runtime verification verified algorithms programming topics offerings offerings overlap cs prerequisites corequisites	Role and Purpose of Operating Systems:Foundational Security:Formal Development Methodologies:Secure Coding:Security Governance:Computing History:Secure Processor Architectures:Professional Ethics:Fault Tolerance:Social Context	[0.7002846  0.81045333 0.85129589 0.85609052 0.8832565  0.89615505 0.91448708 0.92253184 0.92273058 0.92663708]
CS 522	Programming Language Semantics	programming programming meta interpreters typed untyped polymorphic lambda calculi denotational semantics	Formal Semantics:Functional Programming:Fundamental Programming Concepts and Practices:Object-Oriented Programming:Type Systems:Advanced Programming Constructs:Design Principles of Programming Languages:Computational Models and Formal Languages:Logic Programming:Language Pragmatics:Discrete Mathematics:Software Construction:Compiler Semantic Analysis:Logical Representation and Reasoning:Language Translation and Execution:Program Abstraction and Representation:Syntax Analysis:Planning:Probabilistic Representation and Reasoning:Program Analysis and Analyzers:Software Development Practices:Models for Ethical Analysis	[0.70225662 0.74141929 0.8164515  0.81785696 0.83374831 0.87662971 0.90255885 0.94446486 0.95311075 0.9562152  0.96529923 0.995263 1.0225098  1.02932784 1.03785545 1.04569249 1.05691032 1.08618044 1.08739659 1.09863514 1.09950465 1.10043521]
CS 523	Advanced Operating Systems	resource architectures virtual interprocess switching migration balancing	Basic Concepts:Heterogeneous Architectures:Sustainability Issues:Resource Management:Performance and Energy Efficiency:Principles of Operating Systems:System Performance:Role and Purpose of Operating Systems:Common Aspects/Shared Concerns:Scheduling:Mobile Platforms:Assembly Level Machine Organization:Overview of Computer Systems:Fault Tolerance:Memory Hierarchy:Interfacing and Communication:Virtualization:Sustainability:Parallel and Distributed Computing:Device Management:Performance Evaluation:Embedded Platforms	[0.73562217 0.73848657 0.76165433 0.82311076 0.84246176 0.85365054 0.8696225  0.87566836 0.88504872 0.8870539  0.89202934 0.89634261 0.90450115 0.90458235 0.93112335 0.94033977 0.94230838 0.94681944 0.95681392 0.96338995 0.96407736 0.96425286]
CS 524	Concurrent Progrmg Languages	concurrency concurrent programming concurrent computation algebras nets concurrent programming semantics correctness concurrent	Concurrency:Parallel and Distributed Computing:Scheduling:Coordination:Programs:Basic Concepts:Performance and Energy Efficiency:DBMS Internals:Functional Organization:Resource Management:Heterogeneous Architectures	[0.574538   0.66619614 0.78498779 0.89423225 0.89428773 0.90843879 0.96263667 0.96299509 0.98110199 0.98509917 0.98524998]
CS 525	Advanced Distributed Systems	peer peer sensor computing methodologies overlaps protocol critiques presentations	Mobile Platforms:Networked Applications:Network Fundamentals:Routing and Forwarding:Emerging Topics:Single Hop Communication:Mobility:Common Aspects/Shared Concerns:Social Context:Agents and Cognitive Systems:Role and Purpose of Operating Systems:Sustainability:Fault Tolerance:Software Design:Computing History:Web Platforms:Reliability Support:Tangible/Physical Computing:Device Management:Protection and Safety	[0.62290118 0.62989642 0.70365438 0.75013141 0.7742191  0.83034861 0.88675539 0.94259889 0.96568865 0.97712033 0.981765   0.99708895 0.99879131 1.0102093  1.01539414 1.01674832 1.02355618 1.03544631 1.03654534 1.03809319]
CS 526	Advanced Compiler Construction	incremental interactive compiling correction optimization generators	Code Generation:Program Analysis and Analyzers:Language Translation and Execution:Systems Execution and Memory Model:Programs:Functional Organization:Search:Software Development Practices:Performance and Energy Efficiency:Heterogeneous Architectures:Memory Management:Scheduling:Planning:Language Pragmatics	[0.50052654 0.68201183 0.97546243 1.02162194 1.02532586 1.03083757 1.05335466 1.07469543 1.08035923 1.09213168 1.0923286  1.10165016 1.10367059 1.10391853]
CS 527	Topics in Software Engineering	tolerant software software architecture software software software	Common Aspects/Shared Concerns:Role and Purpose of Operating Systems:Mobile Platforms:Embedded Platforms:Real-time and Embedded Systems:Economies of Computing:Computing History:Foundational Security	[0.70426976 0.71530205 0.82392253 0.84064639 0.85064184 0.86616697 0.86867357 0.87248052]
CS 528	Obj-Oriented Progrmg & Design	frameworks refractoring specifications	Formal Development Methodologies:Software Design:Communication:Shell Scripting:Refactoring and Code Evolution	[0.94354474 0.97310341 1.00817667 1.00850831 1.01014879]
CS 533	Parallel Computer Architecture	pipeline computation processor bounds computations alignment bounds overall	Program Analysis and Analyzers:Systems Execution and Memory Model:Shading and Advanced Rendering:Programs:Performance and Energy Efficiency:Code Generation:Quantum Architectures:Basic Concepts	[0.92258928 1.00461537 1.03200262 1.04541145 1.04561322 1.04994418 1.05267181 1.05567689]
CS 534	Advanced Topics in Computer Architecture	topics architecture computing architectures privacy hardware software resiliency stack heterogeneous platforms approximate computing computing accelerators computing technologies topics offerings offerings overlap cs prerequisites requisites	Heterogeneous Architectures:Social Context:Computing History:Common Aspects/Shared Concerns:Basic Concepts:Agents and Cognitive Systems:Overview of Computer Systems:Performance and Energy Efficiency	[0.65580165 0.66679913 0.67473447 0.73091087 0.8031279  0.82329416 0.8248691  0.82591594]
CS 536	Fault-Tolerant Dig Syst Design	hardware software tolerance coding module detection reconfiguration multiprocessor vlsi processor arrays software tolerance programming checkpointing tolerant	Overview of Computer Systems:Heterogeneous Architectures:Embedded Platforms:Basic Concepts:Performance and Energy Efficiency:Common Aspects/Shared Concerns:Sustainability Issues:Principles of Operating Systems:Computing History:Performance Evaluation:Interfacing and Communication:System Performance:Assembly Level Machine Organization:Digital Logic and Digital Systems:Resource Management:Functional Organization:Memory Hierarchy:Role and Purpose of Operating Systems	[0.4482147  0.47078545 0.51324017 0.55306118 0.63811239 0.67157147 0.68494341 0.69935874 0.70896673 0.72272585 0.73156958 0.7506304 0.75970718 0.80419359 0.80726084 0.82191202 0.8255451  0.82667808]
CS 537	Advanced Topics in Internet of Things (IoT)	topics internet iot algorithms protocols architectures infrastructures iot sensors representations compression streaming caching iot iot analytics iot computing infrastructures resource optimization modal iot iot semester topics offerings offerings overlap cs prerequisites	Mobile Platforms:Network Fundamentals:Emerging Topics:Networked Applications:Web Platforms:Common Aspects/Shared Concerns:Routing and Forwarding:Role and Purpose of Operating Systems:Sustainability:Fault Tolerance:Single Hop Communication:Software Design:Mobility:Social Context:Heterogeneous Architectures:Web:Real-time and Embedded Systems:Formal Development Methodologies:Computing History:Basic Concepts:Economies of Computing:Memory Hierarchy:Foundational Security:Digital Forensics:Protection and Safety:Sustainability Issues:Embedded Platforms:Agents and Cognitive Systems:Tangible/Physical Computing	[0.52557992 0.61760622 0.63052283 0.7857496  0.82283132 0.82527964 0.83813086 0.85384086 0.86301209 0.86557863 0.88893986 0.8931014 0.91491261 0.92078051 0.94077566 0.94662957 0.96594569 0.97397983 0.98032213 0.98715786 0.99194222 0.99810552 1.00104162 1.00401073 1.01120997 1.01718339 1.02419317 1.02464495 1.0274919 ]
CS 538	Advanced Computer Networks	congestion naming routing wireless internet architecture	Emerging Topics:Network Fundamentals:Routing and Forwarding:Networked Applications:Single Hop Communication:Mobility:Mobile Platforms:Role and Purpose of Operating Systems:Device Management:Embedded Platforms:Interfacing and Communication	[0.49281804 0.51583304 0.53750872 0.63220168 0.71260648 0.73122788 0.7484696  0.94928603 1.00632821 1.0101397  1.01031207]
CS 539	Distributed Algorithms	algorithms proofs correctness algorithms consensus synchronization exclusion debugging peer peer computation tolerant algorithms algorithms wireless	Search:Quantum Architectures:Robotics:Program Analysis and Analyzers:Programs:Cryptography:Computing History	[0.71382662 0.82024702 0.87869161 0.91604967 0.93907672 0.9390835 0.94285968]
CS 540	Deep Learning Theory	rigorous foundational analyses approximation optimization generalization neural topics approximations layer optimization ntk margin optimization ntk rademacher vc dimensino bounds relu homeworks	Machine Learning:Fundamental Knowledge Representation and Reasoning:Natural Language Programming:Search:Probabilistic Representation and Reasoning:Quantum Architectures:Perception and Computer Vision:Interactive Computing Platforms:Calculus:Complexity:Logical Representation and Reasoning:Cryptography:Fundamental Issues:Probability:Image Processing:Robotics	[0.59368616 0.70409743 0.76928089 0.80826584 0.82115926 0.8219035 0.84347641 0.85852344 0.86518024 0.8852238  0.91621184 0.92585464 0.93723233 0.94627318 0.94908238 0.95097165]
CS 541	Computer Systems Analysis	analytical scheduling paging algorithms multiprogrammed resource queuing	Scheduling:Resource Management:Sustainability:Parallel and Distributed Computing:Evaluation:Concurrency:Memory Hierarchy:Fault Tolerance:Programs:Common Aspects/Shared Concerns:Coordination:Sustainability Issues:Performance and Energy Efficiency:Heterogeneous Architectures	[0.78536288 0.8620502  0.86634101 0.87898007 0.90212955 0.92060911 0.92120063 0.92518584 0.93112052 0.94384352 0.95081469 0.95721745 0.95728932 0.95753725]
CS 542	Statistical Reinforcement Learning	reinforcement analyses topics mdp basics analyses online offline batch rl tabular analyses online offline rl approximation abstraction rl settings online offline topics stochastic	Data Analytics:Interactive Computing Platforms:Fundamental Knowledge Representation and Reasoning:Natural Language Programming:Fundamental Issues:Data Modeling:Social Context:Agents and Cognitive Systems:Machine Learning:Probabilistic Representation and Reasoning:Quantum Architectures:Applications and Societal Impact:Robotics:Digital Forensics:Computing History:Evaluating the Design:Teamwork:Perception and Computer Vision:Logical Representation and Reasoning	[0.65890232 0.73256066 0.7873111  0.79690258 0.82733826 0.83503887 0.84331578 0.86204532 0.87079204 0.88850682 0.9352719  0.94211553 0.94530188 0.9662318  0.97709076 0.98028872 0.98739306 0.99020884 0.99114164]
CS 543	Computer Vision	algorithms architectures robotics inference spatial navigation manipulation robotics	Interactive Computing Platforms:Agents and Cognitive Systems:Quantum Architectures:Social Context:Data Analytics:Fundamental Issues:Data Modeling:Robot Platforms:Perception and Computer Vision:Computing History:Search:Probabilistic Representation and Reasoning:Robotics:Fundamental Knowledge Representation and Reasoning:Design Principles of Programming Languages:Cryptography:Natural Language Programming:Geometric Modeling:Logical Representation and Reasoning:Interactive:Overview of Computer Systems	[0.66847717 0.69443838 0.71521448 0.7525509  0.80153866 0.83540051 0.84506449 0.85743607 0.85989384 0.86278258 0.8863745  0.90788154 0.92356885 0.94007911 0.95191286 0.95273969 0.95861885 0.97021228 0.99044662 0.99190604 0.99269183]
CS 544	Optimiz in Computer Vision	discrete optimization algorithms approximations newton variants augmented lagrangian variants smo algorithms flows primal dual dynamics programming markov parsing quadratic max markov	Quantum Architectures:Search:Complexity:Probabilistic Representation and Reasoning:Perception and Computer Vision:Calculus:Interactive Computing Platforms:Fundamental Issues:Machine Learning:Fundamental Knowledge Representation and Reasoning:Data Modeling:Natural Language Programming:Foundational Data Structures and Algorithms:Logical Representation and Reasoning:Logic Programming:Probability:Algorithmic Strategies:Statistics:Image Processing:Agents and Cognitive Systems:Data Analytics:Cryptography	[0.54797059 0.59010488 0.67719872 0.67936068 0.69647143 0.72130843 0.75554542 0.78646978 0.79265147 0.82110985 0.86343627 0.86983432 0.88072302 0.88358235 0.89739914 0.92101449 0.93704047 0.93863844 0.94315655 0.96835711 0.9704949  0.97096138]
CS 545	Machine Learning for Signal Processing	fundamentals pertain decompose analyze classify detect consolidate feeds organizing collections designing dialog	Data Modeling:Interactive Computing Platforms:Fundamental Issues:Design Principles of Programming Languages:Agents and Cognitive Systems:Probabilistic Representation and Reasoning:Data Analytics:Logical Representation and Reasoning:Visualization:Computing History:Natural Language Programming:Fundamental Knowledge Representation and Reasoning:Perception and Computer Vision:Software Construction:Machine Learning:Product Requirements:Diversity, Equity, Inclusion, and Accessibility:Applications and Societal Impact:Game:Quantum Architectures:Robotics:Social Context	[0.94246232 0.94580647 0.96647903 1.01230645 1.03300874 1.04768555 1.05414542 1.0673437  1.09535932 1.10311796 1.11167786 1.12513856 1.13044376 1.13098833 1.14097843 1.14110385 1.147581   1.15004009 1.15224965 1.15976871 1.16045611 1.16191904]
CS 546	Advanced Topics in Natural Language Processing	topics nlp topics extraction grounding challenges challenges topics offerings offerings overlap cs	Agents and Cognitive Systems:Teamwork:Social Context:Applications and Societal Impact:Data Analytics:Robotics:Game:Professional Ethics:Interactive:Product Requirements:Evaluating the Design:Digital Forensics:Economies of Computing:Secure Coding:Diversity, Equity, Inclusion, and Accessibility	[0.74466327 0.7867945  0.79568566 0.82529514 0.83313353 0.84611219 0.86738356 0.88001899 0.89156945 0.93700353 0.94145138 0.96095938 0.98603767 0.9884972  0.98937381]
CS 547	Deep Learning	neural topics implementation neural convolution neural recurrent neural lstm gated recurrent residual reinforcement neural reinforcement chainer tensorflow neural gpus gpu clusters	Machine Learning:Fundamental Knowledge Representation and Reasoning:Natural Language Programming:Probabilistic Representation and Reasoning:Perception and Computer Vision:Image Processing:Interactive Computing Platforms:Quantum Architectures:Probability:Calculus:Statistics	[0.65893823 0.75180732 0.8244351  0.95268542 0.95874931 0.95912248 0.97749323 0.99608954 1.02000327 1.02143002 1.0235764 ]
CS 548	Models of Cognitive Processes	automated cognition integrating analyses computational tradeoffs expressiveness tractability automated semantic web relational prediction latent integrating	Fundamental Issues:Data Analytics:Data Modeling:Interactive Computing Platforms:Agents and Cognitive Systems:Social Context:Probabilistic Representation and Reasoning:Robotics	[0.52139062 0.62801821 0.64523307 0.65412818 0.68629203 0.78689727 0.79049163 0.79139421]
CS 549	Seminar in Cognitive Science	cognitive cognitive anthropology cognitive neuroscience cognitive linguistics highlighted descriptions explores interconnections	Data Analytics:Applications and Societal Impact:Fundamental Issues:Evaluating the Design:Game:Agents and Cognitive Systems:Interactive Computing Platforms:Professional Ethics:Social Context:Robotics:Digital Forensics	[0.45579617 0.62115259 0.73674177 0.75638228 0.77993982 0.80568452 0.84440729 0.85601005 0.86391646 0.86398231 0.86922304]
CS 554	Parallel Numerical Algorithms	algorithms computers algorithms algebra dense sparse solvers algebraic eigenvalue partial equations optimization	Complexity:Calculus:Search:Quantum Architectures:Perception and Computer Vision:Foundational Data Structures and Algorithms:Linear Algebra:Probabilistic Representation and Reasoning:Discrete Mathematics:Logical Representation and Reasoning:Machine Learning:Probability:Fundamental Knowledge Representation and Reasoning:Image Processing:Logic Programming:Statistics:Algorithmic Strategies:Simulation:Interactive Computing Platforms:Natural Language Programming:Algorithms:Functional Programming:Fundamental Issues:Cryptography:Computational Models and Formal Languages	[0.61035478 0.63263794 0.84058943 0.85273383 0.88098389 0.88211824 0.89172694 0.89541298 0.90719576 0.92086419 0.9565551  0.95721665 0.96282076 0.96927032 0.96947483 0.97537885 0.97569255 0.98746196 0.99397165 1.00394195 1.01141927 1.0131451  1.02547818 1.02727522 1.02756586]
CS 555	Numerical Methods for PDEs	partial equations discretization iterative discrete programming software packages	Calculus:Probabilistic Representation and Reasoning:Perception and Computer Vision:Complexity:Quantum Architectures:Interactive Computing Platforms:Fundamental Knowledge Representation and Reasoning:Logical Representation and Reasoning:Machine Learning:Data Modeling:Probability:Discrete Mathematics:Statistics:Fundamental Issues:Search:Natural Language Programming:Image Processing:Simulation:Logic Programming:Computing History:Robot Platforms	[0.70218687 0.73076696 0.77458798 0.78136803 0.78455543 0.81430694 0.84812638 0.85181023 0.86378578 0.89251333 0.90091373 0.90534783 0.91176609 0.91448453 0.92612102 0.92879122 0.93138383 0.94933167 0.95794564 0.96000895 0.96406   ]
CS 556	Iterative & Multigrid Methods	algebraic multigrid iterative equations equations arising discretization partial equations	Calculus:Complexity:Discrete Mathematics:Logical Representation and Reasoning:Probabilistic Representation and Reasoning:Perception and Computer Vision:Probability:Linear Algebra:Logic Programming:Quantum Architectures:Search:Statistics:Foundational Data Structures and Algorithms:Machine Learning:Simulation:Fundamental Knowledge Representation and Reasoning:Image Processing:Geometric Modeling:Interactive Computing Platforms:Functional Programming:Computational Models and Formal Languages	[0.41089611 0.63862484 0.89200291 0.90080706 0.90729983 0.90739182 0.9216189  0.92375791 0.93098774 0.94208328 0.95106067 0.95269878 0.97992262 0.99214742 0.99606713 1.00121322 1.00671031 1.01526312 1.03436246 1.03466524 1.03546619]
CS 558	Topics in Numerical Analysis	topics	Teamwork:Communication:Agents and Cognitive Systems:Applications and Societal Impact:Evaluating the Design:Data Analytics:Game:Social Context	[1.13035489 1.13389175 1.15358021 1.15393068 1.16253363 1.16979896 1.17094385 1.17122153]
CS 562	Advanced Topics in Security, Privacy, and Machine Learning	topics privacy adversarial privacy enabled defenses robust cybercrime intrusion detection malware topics offerings offerings overlap cs prerequisites corequisites	Security Policies, Laws, and Computer Crimes:Secure Coding:Foundational Security:Privacy and Civil Liberties:Robotics:Professional Ethics:Network Security:Security Analysis, Design, and Engineering:Game:System Security:Teamwork:Interactive:Digital Forensics:Social Context:Economies of Computing:Security Governance	[0.63417523 0.77452929 0.88798007 0.90437587 0.92684152 0.93229495 0.93548062 0.95065315 0.97157754 0.97656252 0.98644565 0.98870298 0.99163736 1.0007195  1.00466915 1.00851076]
CS 563	Advanced Computer Security	privacy tamper unwanted monitoring surveillance infrastructure subtopics instructor topics exploratory	Digital Forensics:Evaluating the Design:Teamwork:Game:Data Analytics:Applications and Societal Impact:Professional Ethics:Interactive:Secure Coding:Product Requirements:Robotics:Social Context:Agents and Cognitive Systems	[0.62767337 0.64980155 0.71184223 0.72794127 0.75359299 0.76880328 0.78445016 0.80218719 0.82563328 0.83024198 0.89546967 0.89641589 0.89759711]
CS 565	Human-Computer Interaction	topics hci interruptions peripheral gestures bimanual usability choosing	Mobility:Single Hop Communication:Interfacing and Communication:Emerging Topics:Embedded Platforms:Tangible/Physical Computing:Common Aspects/Shared Concerns:Device Management:Networked Applications:Mobile Platforms:Network Fundamentals:Role and Purpose of Operating Systems:Secure Processor Architectures:Routing and Forwarding:System Performance:Heterogeneous Architectures:Foundational Security	[0.87876164 0.8805251  0.91073825 0.95934579 0.97476728 0.99155734 1.00583509 1.01225884 1.02376398 1.03040742 1.03268702 1.03729911 1.03793861 1.04925962 1.07257669 1.07434829 1.07436203]
CS 567	Social Signals and Social Media	online interactions arenas mediated algorithmic interventions users spaces explores collectives dynamics online spaces algorithmic signaling topics evolution algorithmic matchmaking online dating misinformation mitigation trolling bias interfaces incentive signaling prioritize phd	Teamwork:Game:Data Analytics:Applications and Societal Impact:Social Context:Interactive:Agents and Cognitive Systems:Professional Ethics:Product Requirements:Evaluating the Design:Web:Robotics:Economies of Computing:Digital Forensics:Sustainability:Models for Ethical Analysis:Diversity, Equity, Inclusion, and Accessibility:Secure Coding:Fundamental Issues:Accessibility and Inclusive Design:Mobile	[0.54310345 0.60493009 0.6073275  0.61443545 0.61761875 0.67819912 0.68315542 0.71240364 0.7232228  0.79031785 0.79172664 0.82123693 0.85259424 0.86175117 0.89168219 0.90442264 0.90949545 0.92882992 0.94767241 0.95000977 0.95251553]
CS 571	Combinatorial Mathematics	topics combinatorial enumeration extremal probabilistic discrete optimization	Probabilistic Representation and Reasoning:Perception and Computer Vision:Search:Quantum Architectures:Fundamental Knowledge Representation and Reasoning:Calculus:Interactive Computing Platforms:Fundamental Issues:Machine Learning	[0.50639831 0.63084592 0.64169581 0.69729132 0.74473062 0.74715255 0.76835301 0.7718787  0.7729084 ]
CS 572	Extremal Graph Theory	extremal parameters graphs connectivity colorings imperfect graphs parameters turan theorem ramsey extremal	Geometric Modeling:Perception and Computer Vision:Simulation:Complexity:Calculus:Applied Rendering Techniques:Quantum Architectures:Interactive Computing Platforms:Image Processing:Statistics:Probability:Shading and Advanced Rendering	[0.77027301 0.81176887 0.85624911 0.88313679 0.89839587 0.90751892 0.94823054 0.95633486 0.96367538 0.97510916 0.97626134 0.97889711]
CS 573	Algorithms	np completeness approximation algorithms randomized algorithms combinatorial optimization programming	Search:Quantum Architectures:Probabilistic Representation and Reasoning:Perception and Computer Vision:Foundational Data Structures and Algorithms:Calculus:Algorithmic Strategies:Complexity:Logical Representation and Reasoning:Algorithms:Interactive Computing Platforms:Program Analysis and Analyzers	[0.48617446 0.60650205 0.74034588 0.76117982 0.77760996 0.80753742 0.8290164  0.84892435 0.85251954 0.85984306 0.86293078 0.86395604]
CS 574	Randomized Algorithms	randomized algorithms inequalities chernoff hoeffding bounds probabilistic entropy martingales azuma inequality derandomization randomized algorithms sorting graphs basics pseudorandomness randomized	Algorithms:Foundational Data Structures and Algorithms:Algorithmic Strategies:Complexity:Quantum Architectures:Calculus:Perception and Computer Vision:Search:Probabilistic Representation and Reasoning:Fundamental Knowledge Representation and Reasoning:Machine Learning:Natural Language Programming:Interactive Computing Platforms:Geometric Modeling:Simulation:Image Processing:Cryptography:Probability:Logical Representation and Reasoning:Statistics:Applied Rendering Techniques:Fundamental Issues:Logic Programming:Discrete Mathematics:Linear Algebra:Robotics:Shading and Advanced Rendering:Data Modeling:Agents and Cognitive Systems:Data Analytics:Computational Models and Formal Languages:Program Analysis and Analyzers:Computing History:Functional Programming:Visualization	[0.65534329 0.68975758 0.71209193 0.79119948 0.79430887 0.796817 0.81449664 0.82412187 0.84602838 0.85118812 0.88037658 0.90857998 0.9209747  0.92645837 0.93229332 0.9461565  0.96094489 0.96851616 0.98382177 0.99665045 1.00459454 1.02114757 1.02147437 1.02673899 1.03350298 1.04424746 1.04894189 1.05926394 1.06070047 1.06774345 1.06936189 1.07869652 1.09145816 1.09300034 1.09358055]
CS 575	Methods of Combinatorics	combinatorial combinatorial enumeration bijections generating probabilistic proofs asymptotic randomized algorithms ramsey theorem topics combinatorial	Search:Probabilistic Representation and Reasoning:Quantum Architectures:Logical Representation and Reasoning:Fundamental Issues:Perception and Computer Vision:Complexity:Fundamental Knowledge Representation and Reasoning:Logic Programming:Foundational Data Structures and Algorithms	[0.57989941 0.59746283 0.65398272 0.6948213  0.77638065 0.80514693 0.8110716  0.85132114 0.8545753  0.85511324]
CS 576	Topics in Automated Deduction	topics aided deduction theorem proving strategies equational unification rewrite induction derivation hybrid inference programming	Logic Programming:Discrete Mathematics:Formal Semantics:Computational Models and Formal Languages:Logical Representation and Reasoning:Functional Programming:Probabilistic Representation and Reasoning:Software Construction:Language Pragmatics:Design Principles of Programming Languages:Type Systems:Quantum Architectures:Search:Compiler Semantic Analysis:Program Analysis and Analyzers:Fundamental Issues	[0.45060341 0.49299414 0.52593493 0.60715967 0.79204198 0.83451233 0.84660397 0.87384726 0.88303873 0.90111973 0.91932871 0.94013069 0.94152435 0.96666727 0.97140573 0.97255028]
CS 579	Computational Complexity	turing determinism determinism hierarchy theorems compression blum axioms np nl pspace randomness rp rl bpp alternation hierarchy nc rnc relativized computational offs	Logical Representation and Reasoning:Logic Programming:Probabilistic Representation and Reasoning:Computational Models and Formal Languages:Formal Semantics	[0.61237801 0.71953141 0.78609543 0.78754961 0.7892958 ]
CS 580	Topics in Algorithmic Game Theory	cs algorithmic computational fairness topics computation equilibria dynamics anarchy topics online marketplaces lyft uber ebay taskrabbit kidney auction	Data Analytics:Teamwork:Evaluating the Design:Applications and Societal Impact:Interactive:Professional Ethics:Game:Digital Forensics:Social Context:Economies of Computing:Web:Agents and Cognitive Systems:Product Requirements:Secure Coding:Robotics:Diversity, Equity, Inclusion, and Accessibility:Interactive Computing Platforms:Sustainability:Computing History:Models for Ethical Analysis:Fundamental Issues:Privacy and Civil Liberties:Data Modeling:Real-time and Embedded Systems:Accessibility and Inclusive Design:Foundational Security:Robot Platforms:Tangible/Physical Computing:Protection and Safety:Mobile:Quantum Architectures:Common Aspects/Shared Concerns:Security Analysis, Design, and Engineering:Security Governance:Data Security and Privacy:Security Policies, Laws, and Computer Crimes:Formal Development Methodologies:Game Platforms:Design Principles of Programming Languages:Probabilistic Representation and Reasoning:Understanding the User; Individual Goals and Interactions With Others:Fundamental Knowledge Representation and Reasoning:Mobile Platforms:Natural Language Programming:Role and Purpose of Operating Systems:Fault Tolerance:Logical Representation and Reasoning:Heterogeneous Architectures:Cryptography:Embedded Platforms:Emerging Topics:Software Construction:Machine Learning:System Design:Search:Perception and Computer Vision:Communication:Network Fundamentals:Shell Scripting:Software Design:Software Reliability:Overview of Computer Systems:Web Platforms:Immersion:Performance Evaluation:Intellectual Property:Accountability and Responsibility in Design:Evaluation:Logic Programming:Digital Logic and Digital Systems:Society, Ethics, and the Profession:Event-Driven and Reactive Programming:Statistics:Basic Concepts:Advanced Programming Constructs:Performance and Energy Efficiency:Software Verification and Validation:System Security:Secure Processor Architectures:Language Pragmatics:Formal Methods:Assembly Level Machine Organization:Programs:Sustainability Issues:Probability:Formal Semantics:Visualization:Computational Models and Formal Languages:Distributed Databases/Cloud Computing:System Reliability:Discrete Mathematics:Principles of Operating Systems:Single Hop Communication:Network Security:Scheduling:Complexity:NoSQL Systems:Calculus:Networked Applications:Geometric Modeling:Mobility:Functional Programming:Refactoring and Code Evolution:Image Processing:System Performance:Memory Hierarchy:Routing and Forwarding:Fundamental Programming Concepts and Practices:Functional Organization:Simulation:Parallel and Distributed Computing:Applied Rendering Techniques:Shading and Advanced Rendering:Interfacing and Communication:Resource Management:Core Database System Concepts:Object-Oriented Programming:Program Analysis and Analyzers:Algorithms:Compiler Semantic Analysis:Foundational Data Structures and Algorithms:Computer Animation:Software Development Practices:Relational Databases:Algorithmic Strategies:Fundamental Concepts:Code Generation:Device Management:Tools and Environments:Query Processing:DBMS Internals:Interaction:Semi-structured and Unstructured Databases:Systems Execution and Memory Model:Concurrency:Type Systems:The Role of Data and Data Life Cycle:Reliability Support:Linear Algebra:Virtualization:Coordination:Memory Management:Planning:Machine-Level Data Representation:Syntax Analysis:File Systems API and Implementation:Process Model:Fundamental Data Structures:Program Abstraction and Representation:Language Translation and Execution:Query Construction:Advanced File Systems:Run-time Behavior and Systems:Aspect-Oriented Programming	[0.69677305 0.69955599 0.70458609 0.70640708 0.75884981 0.76777076 0.77124883 0.78789614 0.80387251 0.82170841 0.85268341 0.86431023 0.90261196 0.90314886 0.93970728 0.96755495 0.98945312 1.00100883 1.01071621 1.01412769 1.02335389 1.03608449 1.0361595  1.03748411 1.04091544 1.04844639 1.04890671 1.05302946 1.05942989 1.06217997 1.06364079 1.06675884 1.07638192 1.09141999 1.09204755 1.09908361 1.10205856 1.1037514  1.1050133  1.10915508 1.11053937 1.11164284 1.11514168 1.11556711 1.1161056  1.12096965 1.12284832 1.12826151 1.13527256 1.13554351 1.13682849 1.13825908 1.13867272 1.13872043 1.13982677 1.13983653 1.1422546  1.14402973 1.1463642  1.14715126 1.15419861 1.15493508 1.16340996 1.16942823 1.17070733 1.17239809 1.1724773  1.17423598 1.17446479 1.17954646 1.18018838 1.18406978 1.18458213 1.18492231 1.18500187 1.18639369 1.18780873 1.18833086 1.1898217  1.19033758 1.19063929 1.19164397 1.19254655 1.19303269 1.19334533 1.19709295 1.19816746 1.19865337 1.20422514 1.20692669 1.20829933 1.20837116 1.20890795 1.20898885 1.20904017 1.21058407 1.21109041 1.2124518  1.21284105 1.21365013 1.21418102 1.21534275 1.21744783 1.21841804 1.2187491  1.22086479 1.22202733 1.22306644 1.22322186 1.22379247 1.22387969 1.22492285 1.22643692 1.22741531 1.22885045 1.23287172 1.23516365 1.23694947 1.23991225 1.24013137 1.24228421 1.25493853 1.25792619 1.25885769 1.26343416 1.26600841 1.26658749 1.27627915 1.27842292 1.28336491 1.28344124 1.28368062 1.28401856 1.28559684 1.28752922 1.28771244 1.28845827 1.29191304 1.29281749 1.29322075 1.29595979 1.29914432 1.30587729 1.31452189 1.31623222 1.31812193 1.32055956 1.32142769 1.32166133 1.32531446 1.34341471 1.34674861 1.34837552 1.35674819]
CS 581	Algorithmic Genomic Biology	algorithmic genomic biology publish phylogeny evolutionary estimation alignment genome phylogenetics challenges computational permitting computational microbiome prediction genome linguistics computational doctoral bioengineering biology discrete algorithms simulations probabilistic algorithms	Data Analytics:Interactive Computing Platforms:Fundamental Issues:Fundamental Knowledge Representation and Reasoning:Natural Language Programming:Probabilistic Representation and Reasoning:Data Modeling:Agents and Cognitive Systems:Machine Learning:Quantum Architectures:Social Context:Perception and Computer Vision:Applications and Societal Impact:Robotics:Computing History:Teamwork:Logical Representation and Reasoning	[0.54178765 0.63541647 0.64798846 0.69398418 0.74539258 0.78648787 0.79548815 0.7971201  0.80123505 0.80652589 0.81007864 0.83234482 0.87105858 0.88488267 0.92643861 0.92821474 0.92833861]
CS 582	Machine Learning for Bioinformatics	bioinformatics introduces topics computational biology bioinformatics regulatory genomics biology computational bayesian inference graphical supervised bioinformatics topics instructor presentations regulatory cistromics epigenomics regulatory reconstruction coding variant prediction mandatory bioinformatics	Data Analytics:Applications and Societal Impact:Agents and Cognitive Systems:Interactive Computing Platforms:Social Context:Evaluating the Design:Fundamental Issues:Digital Forensics:Teamwork:Data Modeling:Professional Ethics:Product Requirements:Game:Interactive:Computing History:Robotics:Fundamental Knowledge Representation and Reasoning:Natural Language Programming	[0.43974389 0.70567673 0.71128595 0.71996245 0.73078035 0.77425062 0.78254066 0.79706249 0.80368486 0.82081132 0.84230232 0.88458267 0.88561964 0.90727061 0.90771557 0.91435642 0.91984136 0.92205128]
CS 583	Approximation Algorithms	approximation algorithms np approximation algorithm combinatorial algorithms programming programming algorithms graphs constraint scheduling	Search:Quantum Architectures:Calculus:Perception and Computer Vision:Probabilistic Representation and Reasoning:Complexity:Foundational Data Structures and Algorithms:Machine Learning:Algorithms:Logical Representation and Reasoning:Interactive Computing Platforms:Fundamental Knowledge Representation and Reasoning	[0.61190048 0.69141388 0.71839273 0.72165819 0.73546793 0.76219168 0.81755384 0.83031934 0.85475632 0.88647313 0.88691804 0.88918597]
CS 584	Embedded System Verification	examines discrete hybrid computing introduces timed hybrid automata checking hoare deduction abstractions controller strategies robotics	Probabilistic Representation and Reasoning:Quantum Architectures:Fundamental Issues:Search:Logical Representation and Reasoning:Interactive Computing Platforms:Perception and Computer Vision:Logic Programming:Software Construction:Data Modeling:Fundamental Knowledge Representation and Reasoning:Machine Learning:Discrete Mathematics:Natural Language Programming:Design Principles of Programming Languages:Agents and Cognitive Systems	[0.54781873 0.57108832 0.6289425  0.64962458 0.70533348 0.80406689 0.81512031 0.83217801 0.83665115 0.84160955 0.86395503 0.88385515 0.88390592 0.89146132 0.89291542 0.89357937]
CS 585	Hardware Verification	teaches algorithms verification hardware teaches checking binary diagrams bdds satisfiability algorithms simulation metrics simulation assertion analog verification silicon validation algorithms teaches scalable algorithms discrete	Quantum Architectures:Interactive Computing Platforms:Search:Fundamental Issues:Probabilistic Representation and Reasoning:Fundamental Knowledge Representation and Reasoning:Natural Language Programming:Perception and Computer Vision:Data Modeling:Machine Learning:Logical Representation and Reasoning:Data Analytics:Social Context:Agents and Cognitive Systems:Computing History:Robotics:Cryptography:Logic Programming:Calculus:Foundational Data Structures and Algorithms:Complexity:Software Construction:Discrete Mathematics:Algorithmic Strategies:Robot Platforms:Computational Models and Formal Languages:Probability:Algorithms	[0.51593303 0.63122663 0.68576121 0.68888359 0.69637723 0.72534916 0.76271222 0.77014582 0.80850801 0.81438449 0.83794963 0.85323107 0.87169114 0.88906367 0.8921303  0.91036502 0.92508011 0.92640653 0.93748603 0.9424488  0.96693744 0.97202898 0.98358899 0.98701021 0.99232116 1.00782017 1.0089156  1.00998688]
CS 586	Combinatorial Optimization	topics combinatorial optimization polyhedral designing algorithms topics matchings matchings joins arborescences branchings matroids matroid polymatroids submodular flows	Search:Quantum Architectures:Complexity:Probabilistic Representation and Reasoning:Foundational Data Structures and Algorithms:Perception and Computer Vision:Algorithmic Strategies:Discrete Mathematics:Logical Representation and Reasoning	[0.66896241 0.85249405 0.86594337 0.8678562  0.87426588 0.87857305 0.89370538 0.89730477 0.89754761]
CS 588	Autonomous Vehicle System Engineering	introduce computational autonomous labwork sensing topics lidar sonar sensing detection segmentation bayesian filtering slam tracking topics dynamics lattice kinodynamic trajectory optimization reinforcement implemented	Interactive Computing Platforms:Quantum Architectures:Perception and Computer Vision:Fundamental Issues:Probabilistic Representation and Reasoning:Data Analytics:Machine Learning:Fundamental Knowledge Representation and Reasoning:Data Modeling:Natural Language Programming:Search:Image Processing:Calculus:Statistics:Social Context:Logical Representation and Reasoning:Robotics:Probability:Robot Platforms	[0.54303734 0.61134081 0.68500571 0.71288707 0.74276807 0.7626244 0.76281991 0.77995699 0.81228457 0.8194378  0.84961794 0.87039993 0.8869013  0.89553969 0.90139439 0.90388744 0.91146461 0.9154726 0.91876137]
CS 591	Advanced Seminar	seminar topics grading topics	Evaluating the Design:Teamwork:Understanding the User; Individual Goals and Interactions With Others:Data Analytics:Digital Forensics:Applications and Societal Impact:Game:Interactive:Professional Ethics:Social Context:Agents and Cognitive Systems	[1.01242892 1.03480625 1.04568632 1.06099914 1.06150147 1.07320837 1.08100843 1.09897462 1.10476246 1.10547335 1.10668735]
CS 597	Individual Study	offerings	Economies of Computing:Social Context:Web:Mobile Platforms:Protection and Safety:Teamwork:Web Platforms:Sustainability:Interactive:Software Design:Fault Tolerance:Game:Professional Ethics:Intellectual Property	[0.77126162 0.931156   0.94113994 0.94141678 0.96147136 0.97517101 0.99022935 0.99940045 1.00610402 1.01146318 1.01836423 1.03171111 1.03238883 1.03267501]
CS 598	Special Topics	offerings augment departmental topics prerequisites topics	Teamwork:Digital Forensics:Evaluating the Design:Game:Professional Ethics:Economies of Computing:Social Context:Product Requirements:Applications and Societal Impact:Data Analytics:Agents and Cognitive Systems:Interactive:Secure Coding:Communication:Robotics:Web:Accessibility and Inclusive Design:Computing History:Understanding the User; Individual Goals and Interactions With Others:Diversity, Equity, Inclusion, and Accessibility:Privacy and Civil Liberties:Mobile Platforms:Models for Ethical Analysis:Sustainability:Protection and Safety:Network Fundamentals:Foundational Security	[0.92541777 0.9651758  0.97076505 0.97383096 0.98676782 0.99078198 0.99124368 0.9967962  1.00098693 1.00755619 1.01902153 1.02045373 1.05566822 1.06124292 1.06484252 1.08632003 1.0887251  1.10678269 1.10696698 1.11071389 1.11511754 1.13086755 1.13305178 1.13633622 1.14118004 1.1420462  1.1425647 ]
CS 599	Thesis Research	grading	Evaluating the Design:Understanding the User; Individual Goals and Interactions With Others:Digital Forensics:Teamwork:Applications and Societal Impact:Data Analytics:Interactive:Game:Social Context:Professional Ethics:Product Requirements:Agents and Cognitive Systems:Secure Coding:Quantum Architectures:Economies of Computing:Interactive Computing Platforms:Fundamental Issues:Data Modeling	[1.00377125 1.051286   1.06014162 1.06520444 1.06892761 1.06924137 1.09715233 1.11084985 1.12768794 1.12823803 1.13217302 1.14394836 1.15885805 1.16667877 1.16845933 1.17670053 1.17873863 1.18075623]
