Course	Coursename	Description	ACM_Matches	ACM_Match_Score
CS 100	Freshman Orientation	majors overview	User-Centered Design and Testing:Professional Ethics:Digital Forensics:Design-Oriented HCI:Agents:Intellectual Property:Professional Communication:Economies of Computing:History:Privacy and Civil Liberties:Mobile Platforms:Social Networking:Software Process:Information Storage and Retrieval:Security Policy and Governance:Data, Information, and Knowledge:Foundations:Social Context:Software Verification and Validation:Data Mining	[0.94446215 0.95703219 1.00421387 1.04041658 1.05249051 1.07161032 1.07694023 1.07986578 1.10204931 1.10651201 1.12575009 1.12845383 1.12964268 1.13200195 1.13470471 1.13969467 1.15393071 1.15719733 1.15783423 1.1584626 ]
CS 101	Intro Computing: Engrg & Sci	computing solving programming algorithms computers solving majors satisfies criteria quantitative ii	Modeling and Simulation:Agents:Introduction to Modeling and Simulation:Advanced Machine Learning:Advanced Representation and Reasoning:Fundamental Issues:Formal Models and Semantics:Static Analysis:Reasoning Under Uncertainty:Statistical Methods for HCI:Advanced Search:Algorithmic Strategies	[0.51455358 0.6979051  0.70556551 0.78497599 0.79624461 0.80711274 0.84704634 0.84949338 0.85599103 0.87505764 0.8798114  0.88084328]
CS 102	Little Bits to Big Ideas	computing topics computers algorithms computational computing cryptography internet solving modeling simulation	Agents:Modeling and Simulation:Introduction to Modeling and Simulation:Advanced Machine Learning:Design-Oriented HCI:Fundamental Issues:Data Mining:Data, Information, and Knowledge:Digital Forensics:Perception and Computer Vision:Reasoning Under Uncertainty:Interactive Visualization	[0.56043982 0.65679341 0.74659955 0.75814419 0.78704194 0.82956891 0.8466697  0.85598267 0.86296733 0.87406432 0.87795986 0.87816474]
CS 105	Intro Computing: Non-Tech	computing interrelationships hardware software packages spreadsheets databases programming majors satisfies criteria quantitative	Agents:Design-Oriented HCI:Modeling and Simulation:Data Mining:Professional Ethics:Digital Forensics:Economies of Computing:Interactive Visualization:Data, Information, and Knowledge:User-Centered Design and Testing:Information Storage and Retrieval:Introduction to Modeling and Simulation:Advanced Machine Learning:History:Fundamental Issues:Software Process:Mobile Platforms:Natural Language Processing:Static Analysis:Statistical Methods for HCI:Reasoning Under Uncertainty	[0.68123866 0.71131341 0.76041798 0.76352894 0.7701055  0.77119467 0.78215166 0.81015313 0.8649512  0.86976768 0.8806192  0.8896667 0.92280955 0.93165606 0.94084813 0.9446243  0.9467488  0.96546357 0.97553694 0.97746507 0.97793957]
CS 107	Data Science Discovery	computation relevance datasets analyze privacy satisfies criteria quantitative	Fundamental Issues:Statistical Methods for HCI:Static Analysis:Discrete Probability:Advanced Representation and Reasoning:Introduction to Modeling and Simulation:Modeling and Simulation:Advanced Machine Learning:Reasoning Under Uncertainty:Agents:Information Storage and Retrieval:Natural Language Processing:Interactive Visualization:Formal Models and Semantics:Data, Information, and Knowledge:Data Mining:Basic Analysis:Sustainability:Advanced Search:Numerical Analysis:Perception and Computer Vision:Basic Machine Learning:Basic Type Systems:Basics of Counting:Basic Knowledge Representation and Reasoning:Advanced Data Structures, Algorithms, and Analysis:Sets, Relations, and Functions:Algorithmic Strategies:Fundamental Data Structures and Algorithms:Defensive Programming:Basic Search Strategies:Design-Oriented HCI	[0.73705495 0.79016579 0.82767737 0.84362872 0.84862746 0.89194153 0.90061165 0.90925638 0.91224288 0.91684439 0.93158285 0.94303887 0.95694795 0.95926417 0.9627942  0.97417726 0.98048043 0.9981786 1.00104554 1.01271123 1.01494574 1.02370013 1.03703441 1.04605214 1.04741273 1.05005864 1.05645136 1.05759849 1.06039202 1.06843744 1.06919784 1.06949123]
CS 124	Introduction to Computer Science I	computing solving computational majors computing satisfies criteria quantitative	Modeling and Simulation:Statistical Methods for HCI:Advanced Representation and Reasoning:Introduction to Modeling and Simulation:Fundamental Issues:Agents:Static Analysis:Advanced Machine Learning:Reasoning Under Uncertainty:Formal Models and Semantics:Basic Analysis:Numerical Analysis:Basic Search Strategies:Advanced Search:Basics of Counting	[0.59883155 0.67984508 0.69877435 0.71153267 0.71527458 0.77495179 0.79286263 0.8127675  0.81829227 0.83109715 0.84044972 0.8469647 0.85709063 0.85796804 0.85950371]
CS 125	Introduction to Computer Science	computing solving computational majors computing satisfies criteria quantitative	Modeling and Simulation:Statistical Methods for HCI:Advanced Representation and Reasoning:Introduction to Modeling and Simulation:Fundamental Issues:Agents:Static Analysis:Advanced Machine Learning:Reasoning Under Uncertainty:Formal Models and Semantics:Basic Analysis:Numerical Analysis:Basic Search Strategies:Advanced Search:Basics of Counting	[0.59883155 0.67984508 0.69877435 0.71153267 0.71527458 0.77495179 0.79286263 0.8127675  0.81829227 0.83109715 0.84044972 0.8469647 0.85709063 0.85796804 0.85950371]
CS 126	Software Design Studio	software documentation debugging software majors	Secure Software Engineering:Software Process:Software Project Management:Software Evolution:Principles of Secure Design:History:Platform Security:Industrial Platforms:Tools and Environments:Digital Forensics:Design-Oriented HCI:Professional Ethics:Introduction:Collaboration and Communication:Economies of Computing:Mobile Platforms:Social Context:Professional Communication:Overview of Operating Systems:Operating System Principles:Cross-Layer Communications	[0.61196277 0.70914686 0.72302591 0.74719903 0.85917842 0.85967852 0.87048104 0.88200841 0.91377547 0.91685576 0.93127656 0.9547246 0.9555674  0.96075853 0.97296663 0.97716429 0.98838561 0.99556005 1.00111165 1.00557263 1.00741431]
CS 128	Introduction to Computer Science II	computing solving computational satisfies criteria quantitative ii	Modeling and Simulation:Statistical Methods for HCI:Advanced Representation and Reasoning:Introduction to Modeling and Simulation:Numerical Analysis:Reasoning Under Uncertainty:Fundamental Issues:Basic Analysis:Basic Search Strategies:Advanced Machine Learning:Basic Knowledge Representation and Reasoning:Formal Models and Semantics:Advanced Search:Basics of Counting:Discrete Probability	[0.62941904 0.65519172 0.73108511 0.75628082 0.75850283 0.78465684 0.78728191 0.80015178 0.80514408 0.81330353 0.81613003 0.83191407 0.8402721  0.84146406 0.84419271]
CS 173	Discrete Structures	discrete propositions boolean algebra induction recursion graphs math	Basics of Counting:Basic Knowledge Representation and Reasoning:Advanced Representation and Reasoning:Sets, Relations, and Functions:Basic Logic:Logic Programming:Proof Techniques:Basic Type Systems	[0.41041467 0.6232174  0.70920461 0.7478628  0.76708895 0.81484576 0.81701133 0.81738366]
CS 196	Freshman Honors	concurrently	Parallelism Fundamentals:Parallelism:Concurrency and Parallelism:Transaction Processing:Distributed Systems:Concurrency:Resource Allocation and Scheduling:Evaluation:Scheduling and Dispatch:Parallel Architecture:Computational Paradigms:Multiprocessing and Alternative Architectures:Parallel Decomposition:Device Management:Processing:Parallel Performance:Proximity:Performance Enhancements:Memory System Organization and Architecture:Local Area Networks:Cloud Computing:Quantitative Evaluation:Functional Organization:Assembly Level Machine Organization:Memory Management:Real Time and Embedded Systems:Resource Allocation	[0.94835707 0.99675999 1.01429608 1.04117287 1.06598301 1.07630983 1.08133427 1.08887132 1.09289448 1.09403672 1.10295444 1.10358277 1.1070378  1.10889174 1.13521357 1.14070119 1.14588597 1.14940053 1.16679209 1.17284564 1.18364432 1.18800334 1.19115931 1.19126406 1.19848821 1.19904029 1.19968798]
CS 199	Undergraduate Open Seminar in Computer Science	topics grading	User-Centered Design and Testing:Professional Ethics:Information Storage and Retrieval:Digital Forensics:Agents:Design-Oriented HCI:Intellectual Property:Professional Communication:Mobile Platforms:Economies of Computing:Data, Information, and Knowledge:History:Advanced Machine Learning:Social Networking:Modeling and Simulation:Development Methods	[0.98221425 1.07286824 1.08748465 1.08753508 1.09466919 1.10468657 1.1302281  1.14237898 1.14902715 1.16006342 1.1648006  1.16679157 1.16859559 1.17580336 1.17680115 1.17683875]
CS 210	Ethical & Professional Issues	computing licensing privacy cs	Privacy and Civil Liberties:Security Policy and Governance:Foundational Concepts in Security:Intellectual Property:Human Factors and Security:Professional Ethics:Software Verification and Validation:Security Policies, Laws, and Computer Crimes:Economies of Computing:Threats and Attacks:Sustainability:Design-Oriented HCI	[0.6171489  0.67075329 0.77605365 0.79090737 0.85253823 0.87466701 0.89088727 0.93550946 0.99382715 1.03154637 1.03155208 1.03375222]
CS 211	Ethical and Professional Conduct	navigating computing privacy cybersecurity analyze perspectives professionally technically peer workshops editing revising cs satisfies criteria	Professional Ethics:User-Centered Design and Testing:Design-Oriented HCI:Agents:Digital Forensics:Professional Communication:Economies of Computing:Foundations:Mobile Platforms:Privacy and Civil Liberties:Intellectual Property:Requirements Engineering:Sustainability:Security Policy and Governance:Software Verification and Validation:Software Process:History:Fundamental Issues:Principles of Secure Design:Data, Information, and Knowledge:Software Construction:Information Storage and Retrieval:Introduction to Modeling and Simulation	[0.61511612 0.7297774  0.77457772 0.83252061 0.84000529 0.92509698 0.92527583 0.93026662 0.95765878 0.96354699 0.9756039  0.98459995 0.99382441 0.99996021 1.0031161  1.01193073 1.04000193 1.05076318 1.05995207 1.06093405 1.0736566  1.07526464 1.07865877]
CS 222	Software Design Lab	implementation software software implementation deployment emphasizes software framework documentation teamwork majors undergraduate curricula	Software Process:Secure Software Engineering:Software Evolution:Principles of Secure Design:Mobile Platforms:Software Project Management:Design-Oriented HCI:Professional Ethics:Digital Forensics:Introduction:Industrial Platforms:Economies of Computing:History:New Interactive Technologies:Operating System Principles:Agents:Professional Communication:Tools and Environments:Collaboration and Communication:Cross-Layer Communications:User-Centered Design and Testing:Overview of Operating Systems:Social Context:Programming Interactive Systems:Cloud Computing:Platform Security:Development Methods:Software Verification and Validation:Robotics	[0.51020897 0.55909701 0.59690087 0.5994398  0.65264378 0.71769717 0.73995532 0.74530055 0.75565371 0.75820889 0.78432737 0.81014092 0.81702297 0.83872217 0.84576643 0.85128995 0.85324452 0.88298771 0.88760775 0.89012266 0.92227123 0.93475031 0.94441093 0.97627314 0.97788927 1.00257635 1.00860615 1.00982477 1.01215085]
CS 225	Data Structures	abstractions stacks queues implementation programming computational graphs algorithms satisfies criteria quantitative ii	Modeling and Simulation:Advanced Representation and Reasoning:Advanced Machine Learning:Algorithmic Strategies:Fundamental Issues:Introduction to Modeling and Simulation:Algorithms and Design:Reasoning Under Uncertainty	[0.53397662 0.63712723 0.67011167 0.68568739 0.69447275 0.71118421 0.7118967  0.71349558]
CS 233	Computer Architecture	fundamentals architecture digital programming implementation architectures optimization software hardware primitives parallelism	Multiprocessing and Alternative Architectures:Industrial Platforms:Performance Enhancements:Processing:Assembly Level Machine Organization:Digital Logic and Digital Systems:Operating System Principles	[0.66650513 0.67605197 0.67746153 0.68922673 0.7183073  0.7214324 0.72397625]
CS 240	Introduction to Computer Systems	basics representations processors fetch execute hierarchy directories programming	Fundamental Data Structures:Processing:Concurrency and Parallelism:Cross-Layer Communications:Parallelism:Evaluation:Development Methods:Introduction:Parallel Performance:Multiprocessing and Alternative Architectures:Program Representation:Computational Paradigms:Quantitative Evaluation:Static Analysis:Operating System Principles:Communication and Coordination:Parallel Decomposition:Device Management:Cloud Computing	[0.94375092 0.96488952 0.96954909 0.98072184 0.99456116 0.99612955 0.99691243 1.01676616 1.01923347 1.03064972 1.03407379 1.03938742 1.04160649 1.04382368 1.04417933 1.05244362 1.058889   1.05913202 1.0592461 ]
CS 241	System Programming	basics programming posix inter synchronization directories programming socket programming rpc programming programming debugging ece	Communication and Coordination:Development Methods:Software Construction:Concurrency:Parallelism:Defensive Programming:Cross-Layer Communications:Software Design:Parallelism Fundamentals:Concurrency and Parallelism:Principles of Secure Design:Introduction:Advanced Programming Constructs:Operating System Principles:Overview of Operating Systems:Multiprocessing and Alternative Architectures:Mobile Platforms:Processing:Parallel Decomposition:Distributed Systems:New Interactive Technologies:Formal Models and Semantics:Device Management	[0.68767661 0.81936761 0.82059988 0.9097502  0.94642417 0.96251115 0.96640732 0.97779294 0.98996995 1.01494453 1.02637241 1.02852087 1.05938526 1.06921817 1.07033594 1.07701094 1.08140907 1.08231991 1.08579731 1.09292142 1.09853503 1.10056632 1.10208307]
CS 242	Programming Studio	programming lab programming	Software Construction:Agents:Digital Forensics:Design-Oriented HCI:Development Methods:Professional Ethics:User-Centered Design and Testing:Mobile Platforms:Communication and Coordination:Software Process:Economies of Computing:Introduction:Professional Communication:History:Principles of Secure Design:Defensive Programming	[0.84687589 0.93288001 0.95446165 0.98656092 1.01103319 1.01521347 1.02199107 1.03779227 1.04833613 1.04921486 1.0634572  1.0719981 1.07324135 1.08803514 1.08943606 1.09085575]
CS 265	Innovation Illinois: From Accessible Design to Supercomputing Cultures	innovation introduces histories uiuc interdisciplinary innovations researchers humanities histories innovations innovation campuses accessibility online basics video editing video	User-Centered Design and Testing:Professional Ethics:Digital Forensics:Design-Oriented HCI:Agents:Economies of Computing:Professional Communication:Intellectual Property:History:Information Storage and Retrieval:Mobile Platforms:Software Process:Privacy and Civil Liberties:Data, Information, and Knowledge:Data Mining:Modeling and Simulation:Fundamental Issues:Sustainability:Introduction to Modeling and Simulation:Collaboration and Communication:Security Policy and Governance:Advanced Machine Learning	[0.78198503 0.79059011 0.81149695 0.82513249 0.82989015 0.97327971 0.99253715 1.00161146 1.01391623 1.02235435 1.02628692 1.02685772 1.05534776 1.05730724 1.06684538 1.06971601 1.07396348 1.07764012 1.07987641 1.08740993 1.08848719 1.08957587]
CS 277	Algorithms and Data Structures for Data Science	algorithms topics algorithm notation stacks queues graphs basics discrete algorithm greedy divide conquer programming discrete optimization concurrently cs	Parallel Algorithms, Analysis, and Programming:Algorithmic Strategies:Modeling and Simulation:Advanced Data Structures, Algorithms, and Analysis:Algorithms and Design:Advanced Search:Introduction to Modeling and Simulation:Basic Search Strategies:Advanced Machine Learning:Perception and Computer Vision:Fundamental Data Structures and Algorithms:Reasoning Under Uncertainty:Formal Models and Semantics:Static Analysis:Basic Analysis:Advanced Representation and Reasoning:Basics of Counting	[0.49812456 0.61941555 0.64210288 0.6585524  0.66053503 0.7304736 0.76365519 0.76867367 0.78162972 0.80444448 0.80875248 0.81066029 0.83981223 0.85438707 0.86844219 0.87309824 0.87469296]
CS 296	Honors Course	concurrently	Parallelism Fundamentals:Parallelism:Concurrency and Parallelism:Transaction Processing:Distributed Systems:Concurrency:Resource Allocation and Scheduling:Evaluation:Scheduling and Dispatch:Parallel Architecture:Computational Paradigms:Multiprocessing and Alternative Architectures:Parallel Decomposition:Device Management:Processing:Parallel Performance:Proximity:Performance Enhancements:Memory System Organization and Architecture:Local Area Networks:Cloud Computing:Quantitative Evaluation:Functional Organization:Assembly Level Machine Organization:Memory Management:Real Time and Embedded Systems:Resource Allocation	[0.94835707 0.99675999 1.01429608 1.04117287 1.06598301 1.07630983 1.08133427 1.08887132 1.09289448 1.09403672 1.10295444 1.10358277 1.1070378  1.10889174 1.13521357 1.14070119 1.14588597 1.14940053 1.16679209 1.17284564 1.18364432 1.18800334 1.19115931 1.19126406 1.19848821 1.19904029 1.19968798]
CS 307	Modeling and Learning in Data Science	modeling solving centric unsupervised supervised interpretability	Advanced Machine Learning:Agents:Modeling and Simulation:Reasoning Under Uncertainty:Introduction to Modeling and Simulation:Natural Language Processing:Fundamental Issues:Statistical Methods for HCI:Basic Machine Learning:Data Mining:Advanced Representation and Reasoning:Data, Information, and Knowledge:Information Storage and Retrieval:Advanced Search:Static Analysis:Perception and Computer Vision:Basic Knowledge Representation and Reasoning:Interactive Visualization:Discrete Probability:Algorithms and Design:Algorithmic Strategies	[0.40755472 0.54203938 0.54678345 0.60468949 0.63266568 0.63974434 0.68269986 0.74633231 0.74703126 0.78212338 0.79999454 0.82291905 0.83914162 0.84616543 0.86556849 0.9124974  0.92285346 0.92370622 0.9440988  0.94485771 0.94730145]
CS 357	Numerical Methods I	fundamentals floating computation equations approximation integrals nonlinear equations programming routines cs las	Numerical Analysis:Basic Analysis:Basics of Counting:Advanced Computational Complexity:Modeling and Simulation:Advanced Representation and Reasoning:Discrete Probability:Statistical Methods for HCI:Reasoning Under Uncertainty:Basic Knowledge Representation and Reasoning:Introduction to Modeling and Simulation:Basic Type Systems:Advanced Data Structures, Algorithms, and Analysis:Advanced Search:Sets, Relations, and Functions:Geometric Modeling:Visualization:Advanced Machine Learning:Static Analysis:Logic Programming:Parallel Algorithms, Analysis, and Programming:Fundamental Data Structures and Algorithms:Algorithmic Strategies	[0.5724086  0.69472421 0.74372378 0.79088778 0.80829362 0.82662854 0.84269943 0.85497425 0.90637274 0.90805764 0.9289579  0.94220784 0.95472038 0.96566454 0.96741992 0.97219908 0.97775526 0.98304184 0.98725438 0.99231593 1.00023699 1.00393978 1.00567871]
CS 361	Probability & Statistics for Computer Science	topics visualizing datasets summarizing descriptive conditional bayes theorem conditional distributions expectation variance covariance theorem markov inequality chebyshev inequality markov chains simulation pagerank algorithm populations likelihood estimation bayes estimation regression majors	Statistical Methods for HCI:Reasoning Under Uncertainty:Discrete Probability:Advanced Machine Learning:Modeling and Simulation:Numerical Analysis:Introduction to Modeling and Simulation:Basic Machine Learning:Natural Language Processing:Fundamental Issues:Advanced Search:Static Analysis:Advanced Representation and Reasoning:Agents:Perception and Computer Vision:Basic Analysis:Data Mining	[0.43859037 0.49838877 0.68877882 0.71425959 0.7521298  0.81930029 0.82235286 0.85265506 0.86620428 0.88332702 0.90365944 0.9114775 0.91422823 0.91780231 0.94142862 0.94342572 0.94629561]
CS 374	Introduction to Algorithms & Models of Computation	algorithms paradigms algorithm recursive algorithms divide conquer algorithms programming greedy algorithms algorithms computation automata turing computation arising algorithm theoretic constraints reductions undecidability np completeness	Algorithms and Design:Algorithmic Strategies:Basic Search Strategies:Parallel Algorithms, Analysis, and Programming:Basics of Counting:Advanced Data Structures, Algorithms, and Analysis:Static Analysis:Logic Programming:Advanced Search:Modeling and Simulation:Fundamental Data Structures and Algorithms:Formal Models and Semantics:Advanced Representation and Reasoning:Basic Knowledge Representation and Reasoning:Introduction to Modeling and Simulation:Advanced Machine Learning:Basic Analysis:Sets, Relations, and Functions:Reasoning Under Uncertainty:Perception and Computer Vision	[0.48671135 0.60451821 0.64174459 0.64333599 0.72526039 0.74272012 0.74496076 0.75543542 0.75913989 0.76166296 0.77482704 0.77766866 0.81774744 0.85733924 0.85886652 0.87365578 0.89129095 0.89749773 0.90278264 0.90667649]
CS 397	Individual Study	 	 	 
CS 398	Special Topics	offerings augment departmental topics prerequisites topics	User-Centered Design and Testing:Professional Ethics:Design-Oriented HCI:Digital Forensics:Professional Communication:Agents:Economies of Computing:Intellectual Property:Information Storage and Retrieval	[0.86995724 0.95027178 0.99799909 0.9999242  1.02678798 1.0310268 1.03989981 1.04106549 1.04244167]
CS 400	Accelerated Fundamentals of Computing I	introduces computing solving computational topics programming conditional loops sorting algorithms visualization programming undergraduate baccalaureate computing	Modeling and Simulation:Agents:Introduction to Modeling and Simulation:Advanced Representation and Reasoning:Static Analysis:Advanced Machine Learning:Formal Models and Semantics:Perception and Computer Vision:Fundamental Issues:Processing:Algorithms and Design:Basics of Counting:Algorithmic Strategies:Parallel Algorithms, Analysis, and Programming	[0.6537452  0.74897698 0.7788534  0.78323354 0.79068313 0.80775872 0.8386487  0.85117361 0.85173881 0.86752441 0.87807169 0.88898831 0.88903828 0.88952976]
CS 401	Accelerated Fundamentals of Algorithms I	introduces topics recursion binary breadth algorithms computing shortest stacks queues notation asymptotic np reductions undergraduate baccalaureate computing	Parallel Algorithms, Analysis, and Programming:Algorithms and Design:Algorithmic Strategies:Basic Search Strategies:Advanced Search:Modeling and Simulation:Advanced Data Structures, Algorithms, and Analysis:Fundamental Data Structures and Algorithms:Static Analysis:Advanced Representation and Reasoning:Basic Analysis:Basics of Counting:Introduction to Modeling and Simulation:Formal Models and Semantics:Advanced Machine Learning:Perception and Computer Vision:Logic Programming:Reasoning Under Uncertainty:Fundamental Issues:Statistical Methods for HCI:Processing:Agents:Basic Knowledge Representation and Reasoning:Basic Type Systems	[0.61692219 0.65716509 0.6731841  0.75132912 0.75378459 0.76008108 0.76816224 0.76998663 0.78280121 0.79302532 0.80073236 0.81230467 0.81720484 0.82057811 0.83847214 0.8571856  0.85859822 0.86390134 0.86511905 0.89160541 0.89443873 0.92645211 0.926562   0.92743817]
CS 402	Accelerated Fundamentals of Computing II	abstractions reusable software reviews encapsulation polymorphism inheritance database programming concurrent programming undergraduate enrollment computing accelerator ican instructor baccalaureate computing	Development Methods:Software Construction:Design-Oriented HCI:Agents:Mobile Platforms:Software Design:Professional Ethics:Principles of Secure Design:User-Centered Design and Testing:Defensive Programming:Introduction:Communication and Coordination:Modeling and Simulation:Digital Forensics:Software Process:Introduction to Modeling and Simulation:New Interactive Technologies:Fundamental Issues:Advanced Representation and Reasoning:Data Mining:Economies of Computing:Formal Methods:Professional Communication:Interactive Visualization:Data, Information, and Knowledge:Advanced Machine Learning:Formal Models and Semantics:Advanced Programming Constructs:Foundations	[0.61822981 0.64216106 0.80516963 0.80519337 0.82853634 0.85337188 0.88388478 0.89731213 0.89934158 0.92025646 0.92420041 0.93248008 0.94935524 0.95246357 0.9574311  0.96777244 0.97667441 0.98007089 0.99038778 0.99509541 1.00288755 1.00681352 1.01247775 1.01727334 1.02193057 1.03682654 1.04298666 1.04696161 1.05047027]
CS 403	Accelerated Fundamentals of Algorithms II	introduces topics paradigms algorithm divide conquer greedy recursive programming solving recurrences divide conquer algorithms algorithms computations automata turing reductions undergraduate enrollment computing accelerator ican instructor baccalaureate computing	Modeling and Simulation:Algorithms and Design:Algorithmic Strategies:Parallel Algorithms, Analysis, and Programming:Advanced Search:Basic Search Strategies:Introduction to Modeling and Simulation:Advanced Machine Learning:Basics of Counting:Advanced Representation and Reasoning:Advanced Data Structures, Algorithms, and Analysis:Reasoning Under Uncertainty:Basic Knowledge Representation and Reasoning:Fundamental Issues:Static Analysis:Perception and Computer Vision	[0.63098928 0.63684311 0.67298085 0.70466939 0.73556248 0.74374738 0.74506118 0.7656771  0.76879751 0.77496072 0.79118845 0.80919609 0.86336468 0.87194757 0.87381915 0.87508464]
CS 407	Cryptography	cryptography toolbox tolerant protocols securely outsourcing computation untrusted introduce cryptography guarantees protocol primitives undergraduate cryptographic cryptography	Cryptography:Foundational Concepts in Security:Platform Security:Cross-Layer Communications:Software Project Management:Parallel Algorithms, Analysis, and Programming:Overview of Operating Systems	[0.68699652 1.02632618 1.05320919 1.06422109 1.0706802  1.0722259 1.07296037]
CS 409	The Art of Web Programming	server technologies web topics web browsers html css javascript http ajax json expose stack web javascript frameworks scaffold mvc architectures asynchronous programming culminates database web	Web Platforms:Web Security:Collaboration and Communication:Programming Interactive Systems:Software Evolution:Introduction:Secure Software Engineering:Cloud Computing:Tools and Environments:Principles of Secure Design:Cross-Layer Communications:Software Process:Operating System Principles:Overview of Operating Systems:Mobile Platforms:Software Project Management:Security and Protection:New Interactive Technologies:Event-Driven and Reactive Programming:Routing and Forwarding:Professional Communication	[0.76415333 0.9115487  0.98282735 1.03966863 1.04693479 1.05284988 1.06726632 1.09761191 1.09924736 1.10188136 1.11956968 1.1284602 1.13548825 1.13605275 1.14234206 1.14310714 1.14957966 1.15160817 1.1620596  1.163993   1.16647087]
CS 410	Text Information Systems	implementation retrieval boolean probabilistic categorization filtering clustering retrieval implementation web	Natural Language Processing:Information Storage and Retrieval:Advanced Machine Learning:Static Analysis:Modeling and Simulation:Reasoning Under Uncertainty:Fundamental Issues:Advanced Data Structures, Algorithms, and Analysis:Parallel Algorithms, Analysis, and Programming:Basic Machine Learning:Advanced Representation and Reasoning:Data, Information, and Knowledge:Data Mining	[0.85359722 0.8828555  0.8829303  0.89953864 0.91994929 0.94337774 0.9472695  0.94977733 0.95222634 0.95701663 0.96123342 0.96312737 0.96376514]
CS 411	Database Systems	databases entity hierarchical relational dependencies implementation optimization query integrity concurrency database	Database Systems:Distributed Databases:Relational Databases:Query Languages:Indexing:Data Modeling:Cloud Computing:Fundamental Data Structures:Physical Database Design:Transaction Processing:Introduction:Memory System Organization and Architecture:Parallel Decomposition:Software Evolution	[0.56814154 0.71427861 0.7153297  0.90305153 0.94609389 0.99909693 1.09731693 1.11952917 1.12463577 1.12655934 1.14370683 1.15313841 1.15477099 1.15962748]
CS 412	Introduction to Data Mining	warehousing mining implementation warehouse analytical olap mining implementations	Distributed Databases:Interactive Visualization:Data Mining:Database Systems:Agents:Economies of Computing:Data, Information, and Knowledge:Modeling and Simulation:Cloud Computing:Introduction to Modeling and Simulation:Design-Oriented HCI:Professional Communication:Software Process:Data Modeling	[0.77964271 0.84675738 0.8779703  0.89915834 0.90062226 0.93170595 0.97025335 1.00536909 1.00875557 1.01138605 1.01307207 1.01795812 1.0203999  1.02088528]
CS 413	Intro to Combinatorics	permutations generating recurrence inclusion exclusion polya instructor	Sets, Relations, and Functions:Basic Knowledge Representation and Reasoning:Proof Techniques:Basics of Counting:Logic Programming:Basic Logic:Advanced Representation and Reasoning:Basic Search Strategies:Formal Semantics:Advanced Automata Theory and Computability:Formal Models and Semantics:Discrete Probability:Algorithms and Design:Modeling and Simulation:Type Systems:Parallel Algorithms, Analysis, and Programming:Numerical Analysis:Basic Analysis:Static Analysis:Algorithmic Strategies	[0.64344967 0.6499956  0.65467661 0.65647764 0.72797934 0.82588497 0.84656391 0.85173876 0.85697743 0.85805554 0.89913836 0.9118453 0.92820372 0.9510205  0.96511472 0.96839816 0.97606855 0.98214994 0.98545462 0.98912885]
CS 414	Multimedia Systems	multimedia audio video encoding scheduling algorithms multimedia os multimedia protocols synchronization schemes user interface multimedia teleservices	Multimedia Systems:Industrial Platforms:Platform Security:Fundamental Concepts:Cross-Layer Communications:Software Project Management:Interfacing and Communication:Secure Software Engineering:New Interactive Technologies:Overview of Operating Systems:Device Management:History:Operating System Principles:Software Evolution:Principles of Secure Design:Resource Allocation:Social Context:Game Platforms:Mixed, Augmented and Virtual Reality:Software Process:Computational Paradigms	[0.5463701  0.93954047 0.9418231  0.9466753  0.95967962 0.99937998 1.00079683 1.01132774 1.01706676 1.02673556 1.02837392 1.03340462 1.03700538 1.0400349  1.04558696 1.05622953 1.06138226 1.06932126 1.07575409 1.07597797 1.07810213]
CS 416	Data Visualization	databases graphics perceptual utilize user datasets topics charts dashboards user	Interactive Visualization:Data Mining:Data, Information, and Knowledge:Social Networking:Designing Interactions:Cloud Computing:Software Evolution:Introduction:User-Centered Design and Testing:Programming Interactive Systems:Information Storage and Retrieval:Secure Software Engineering:Design-Oriented HCI:Database Systems:Economies of Computing:Collaboration and Communication	[0.95412046 0.96215401 0.99495357 1.01806952 1.03194023 1.06487033 1.08315778 1.08834449 1.09795036 1.10288642 1.10524559 1.10971728 1.11200037 1.11693751 1.11791548 1.1185222 ]
CS 417	Virtual Reality	fundamentals virtual vr implementing vr topics audio tracking psychophysics user interfaces vr analyzing vr	Mixed, Augmented and Virtual Reality:Robotics:Fundamental Concepts:Game Platforms:Social Context:Digital Forensics:History:Computer Animation:New Interactive Technologies:Multimedia Systems:Collaboration and Communication	[0.86935243 0.89529497 0.93532861 0.99092922 1.00583971 1.04574083 1.0555848  1.07110078 1.08530326 1.08585642 1.08646847]
CS 418	Interactive Computer Graphics	computational modeling rendering animating	Visualization:Advanced Rendering:Basic Rendering:Computer Animation:Mixed, Augmented and Virtual Reality:Geometric Modeling:Interactive Visualization:Data Mining:Data, Information, and Knowledge:Modeling and Simulation:Introduction to Modeling and Simulation:Perception and Computer Vision:Parallel Algorithms, Analysis, and Programming:Designing Interactions:Statistical Methods for HCI:Agents:Numerical Analysis:Static Analysis:Advanced Search:Fundamental Issues:Robotics:Reasoning Under Uncertainty:Advanced Data Structures, Algorithms, and Analysis:Advanced Representation and Reasoning:Social Networking	[0.64586767 0.65440677 0.71830129 0.74346939 0.76793952 0.83546945 0.86946766 0.93908666 0.95209455 0.99070667 0.99758179 1.01776865 1.03399347 1.04637294 1.05600739 1.06037479 1.07940554 1.07981487 1.09008333 1.09546727 1.1042713  1.10551231 1.11005604 1.11013489 1.11165951]
CS 419	Production Computer Graphics	displaying rendering algebraic splines gaussian bump fractals geometry radiosity texturing animation visualization	Advanced Rendering:Basic Rendering:Visualization:Geometric Modeling:Mixed, Augmented and Virtual Reality:Computer Animation:Modeling and Simulation:Interactive Visualization:Perception and Computer Vision	[0.39853164 0.54866424 0.56830348 0.64541787 0.75433902 0.75838982 1.00897425 1.01406185 1.01494436]
CS 420	Parallel Progrmg: Sci & Engrg	computers programming debugging	Software Evolution:Cross-Layer Communications:Secure Software Engineering:Software Process:Communication and Coordination:Software Project Management:Introduction:Tools and Environments:Operating System Principles:Software Construction:Development Methods:Industrial Platforms:Principles of Secure Design:Parallelism:Collaboration and Communication:Cloud Computing:Defensive Programming:Platform Security:Computational Paradigms:New Interactive Technologies:History	[0.88431917 0.91070079 0.9327841  0.93381399 0.94216344 0.94841339 0.95394328 0.95971243 0.96726803 0.96782597 0.9736357  0.9806744 0.98317796 0.98753345 0.99032877 1.00170673 1.01980178 1.03087513 1.04835993 1.04945173 1.04977763]
CS 421	Programming Languages & Compilers	programming implementation basics lexing parsing syntax semantic	Compiler Semantic Analysis:Syntax Analysis:Program Representation:Advanced Programming Constructs:Formal Semantics:Logic Programming:Advanced Automata Theory and Computability:Language Pragmatics:Formal Methods:Type Systems:Fundamental Programming Concepts	[0.64376468 0.64768445 0.68451038 0.84065743 0.89494213 0.95617021 0.95943871 0.9653134  0.9886605  0.99081722 0.99113335]
CS 422	Programming Language Design	paradigms imperative programming unifying themes processor	Development Methods:Software Design:Software Construction:Advanced Programming Constructs:Introduction:Communication and Coordination:Program Representation:Mobile Platforms:Principles of Secure Design:New Interactive Technologies:Formal Semantics:User-Centered Design and Testing:Advanced Representation and Reasoning:Type Systems:Compiler Semantic Analysis:Programming Interactive Systems:Formal Methods:Virtualization and Isolation	[0.50873878 0.75123398 0.80664316 0.85052145 0.88339021 0.92199882 0.9322917  0.93676215 0.97929705 1.01310018 1.01360275 1.01935755 1.02542832 1.02559258 1.03684209 1.0472099  1.048266   1.0491566 ]
CS 423	Operating Systems Design	concurrent programming deadlock virtual processor scheduling	Parallelism:Parallelism Fundamentals:Concurrency:Multiprocessing and Alternative Architectures:Parallel Architecture:Evaluation:Resource Allocation and Scheduling:Concurrency and Parallelism:Computational Paradigms:Processing:Performance Enhancements:Parallel Decomposition:Parallel Performance:Proximity:Distributed Systems:Scheduling and Dispatch:Assembly Level Machine Organization:Quantitative Evaluation:Memory System Organization and Architecture:Memory Management	[0.342242   0.60851931 0.66017029 0.69680273 0.73251352 0.76711439 0.7676119  0.77906461 0.81263425 0.82374488 0.82389436 0.84810458 0.86381264 0.89780654 0.90286719 0.93693292 0.94183059 0.95936748 0.96296195 0.96308823]
CS 424	Real-Time Systems	supervisory cyber cps fundamentals reliability scheduling feedback software tolerance architecture wireless networking supervisory architecture robot	Industrial Platforms:Social Context:History:Software Project Management:Principles of Secure Design:Secure Software Engineering:Software Process:Operating System Principles:Design-Oriented HCI:Overview of Operating Systems:Digital Forensics:New Interactive Technologies:Software Evolution:Cross-Layer Communications:Mobile Platforms:Platform Security:Robotics:Introduction:Interfacing and Communication:Economies of Computing:Professional Ethics:Cloud Computing:Resource Allocation:Computational Paradigms:Digital Logic and Digital Systems:State and State Machines:Collaboration and Communication:Multiprocessing and Alternative Architectures:Tools and Environments:Professional Communication:Software Reliability:Game Platforms:Programming Interactive Systems	[0.58615094 0.63360983 0.63645497 0.67583101 0.71507317 0.71862015 0.72572279 0.73085511 0.73741843 0.7653493  0.77853455 0.79201514 0.81138574 0.81558311 0.83180933 0.8509048  0.86619903 0.8740006 0.87496636 0.882745   0.8887258  0.89091175 0.90077969 0.91761608 0.92217666 0.92746535 0.961995   0.97568961 0.97701425 0.98268985 0.98818705 0.99195787 0.99585652]
CS 425	Distributed Systems	protocols specification global transactions	Fundamental Data Structures:Event-Driven and Reactive Programming:Virtualization and Isolation:Communication and Coordination:Cross-Layer Communications:Compiler Semantic Analysis:Introduction:Device Management:Principles of Secure Design:Foundational Concepts in Security:Language Pragmatics:Mobile Platforms:Overview of Operating Systems	[0.88274537 0.99307606 1.00185621 1.01687518 1.03026712 1.05891285 1.06163106 1.07560952 1.07789229 1.08567791 1.09776643 1.09823795 1.0995527 ]
CS 426	Compiler Construction	compiler syntax syntax recognizers semantic optimization	Program Representation:Compiler Semantic Analysis:Advanced Programming Constructs:Language Pragmatics:Fundamental Programming Concepts:Syntax Analysis:Formal Semantics:Communication and Coordination:Type Systems:Formal Methods:Development Methods	[0.70034388 0.85760856 0.93488747 0.98524947 1.00510572 1.0209013 1.05573521 1.06831993 1.07619424 1.08043063 1.08257946]
CS 427	Software Engineering I	software software paradigms	Secure Software Engineering:Software Evolution:Software Process:Software Project Management:Principles of Secure Design:Industrial Platforms:Operating System Principles:Cross-Layer Communications:Introduction:Mobile Platforms:New Interactive Technologies:History:Cloud Computing:Tools and Environments:Overview of Operating Systems:Programming Interactive Systems:Platform Security:Design-Oriented HCI:Digital Forensics:Collaboration and Communication:Economies of Computing:Social Context:Digital Logic and Digital Systems:Interfacing and Communication:Professional Ethics:Game Platforms	[0.26412765 0.44210323 0.59512491 0.60089323 0.6348759  0.66513557 0.66965178 0.72056626 0.75345897 0.80815533 0.82031692 0.82496966 0.83815663 0.86767873 0.87845461 0.89049062 0.91670697 0.94940857 0.95420452 0.98329534 0.99021751 0.99152996 1.00081572 1.01228168 1.01229005 1.01457981]
CS 428	Software Engineering II	software configuration collaborative software interoperability domain software reuse software	Software Evolution:Secure Software Engineering:Principles of Secure Design:Software Project Management:Software Process:Tools and Environments:Cross-Layer Communications:Overview of Operating Systems:Collaboration and Communication:Cloud Computing:Introduction:Operating System Principles:Industrial Platforms:Economies of Computing:Professional Communication:New Interactive Technologies:Mobile Platforms:Software Verification and Validation:Software Reliability:Professional Ethics:Security Policy and Governance:Programming Interactive Systems	[0.40456266 0.40974927 0.63824085 0.65120564 0.70404904 0.7547648 0.80548129 0.81652079 0.83717996 0.84047247 0.84463885 0.85927413 0.86344922 0.87146596 0.87211032 0.9169604  0.92756713 0.92791004 0.93635506 0.95524384 0.95594583 0.95791533]
CS 429	Software Engineering II, ACP	satisfies criteria	Sets, Relations, and Functions:Fundamental Programming Concepts:Basic Logic:Discrete Probability:Proof Techniques:Basic Knowledge Representation and Reasoning:Advanced Representation and Reasoning:Logic Programming:Query Languages:Language Pragmatics:Basic Search Strategies:Formal Models and Semantics:Basic Type Systems:Type Systems:Basics of Counting:Advanced Automata Theory and Computability:Fundamental Data Structures and Algorithms:Compiler Semantic Analysis:Algorithms and Design	[1.11475041 1.13143871 1.143978   1.15164098 1.16194469 1.17005303 1.17725754 1.18601257 1.19006493 1.19874537 1.20150751 1.20442587 1.20578947 1.21104556 1.21360835 1.21429571 1.21759441 1.21762523 1.21802044]
CS 431	Embedded Systems	sampled embedded architecture embedded embedded microprocessor interface embedded software	Game Platforms:Industrial Platforms:Interfacing and Communication:Assembly Level Machine Organization:Operating System Principles:Platform Security:History:Digital Logic and Digital Systems:Performance Enhancements:Computational Paradigms:State and State Machines	[0.63891215 0.67763555 0.74815614 0.82134582 0.84967825 0.87346578 0.89266262 0.91358339 0.93612192 0.93752534 0.93799499]
CS 433	Computer System Organization	hardware interface software processor superscalar prediction speculation hierarchy cache optimizations virtual multiprocessor cache coherence synchronization topics gpus accelerators warehouse computers	Parallel Architecture:Multiprocessing and Alternative Architectures:Performance Enhancements:Memory Management:Parallelism:Computational Paradigms:Processing:Proximity:Assembly Level Machine Organization:Evaluation:Functional Organization:Resource Allocation and Scheduling:Operating System Principles:Industrial Platforms:Cloud Computing:Quantitative Evaluation:Software Project Management:Digital Logic and Digital Systems:Virtual Machines:Parallelism Fundamentals:Cross-Layer Communications	[0.44866533 0.45366745 0.46802302 0.61836712 0.63013636 0.64328153 0.67325014 0.68548416 0.71854677 0.74159533 0.8190611  0.83289469 0.90483186 0.91143842 0.91412065 0.93877269 0.9500338  0.95214468 0.96380131 0.96587727 0.96888056]
CS 434	Mobile Computing & Application	disciplinary computing smartphones tablets wearable topics smartphone sensing indoor localization augmented analytics utilized	History:Social Context:Robotics:Digital Forensics:Game Platforms:New Interactive Technologies:Industrial Platforms:Design-Oriented HCI:Platform Security:Software Project Management:Software Process:Mobility:Fundamental Concepts	[0.79296207 0.84436044 0.90650944 0.95906266 0.97618336 0.98119542 0.98552628 1.00874966 1.01382838 1.01727358 1.02129721 1.02268483 1.02475144]
CS 435	Cloud Networking	foundational computing internet deployed protocols infrastructure deployment virtual infrastructure latency federation continents ece	Cloud Computing:Social Context:Collaboration and Communication:Economies of Computing:Principles of Secure Design:Design-Oriented HCI:History:Software Evolution:Introduction:Professional Communication:Tools and Environments:Software Project Management:Cross-Layer Communications:Secure Software Engineering:Software Process:Web Security:Software Reliability	[0.78489105 0.86391661 0.88467055 0.91907651 0.9250723  0.93022479 0.94977407 0.9534293  0.96499225 0.96864888 0.97212476 0.97647579 0.97726042 0.98054419 0.98758997 0.98783353 0.98966787]
CS 436	Computer Networking Laboratory	deployment protocols software compute infrastructures internals infrastructures networking kernels firewall router configuration cisco ios linux networking stack amazon web links confidently deploying implementing protocol	Secure Software Engineering:Cross-Layer Communications:Operating System Principles:Software Project Management	[0.80112679 0.82063942 0.822959   0.82352756]
CS 437	Topics in Internet of Things	topics networked embedded computing internet centric contexts coupling networking protocols computing iot challenges constrained computation environments introduces iot protocol iot specialization iot subtopics topics offerings offerings overlap cs prerequisites	Social Context:Introduction:Software Evolution:Collaboration and Communication:Cloud Computing:Overview of Operating Systems:New Interactive Technologies:Principles of Secure Design:History:Software Process:Design-Oriented HCI:Secure Software Engineering:Economies of Computing:Mobile Platforms:Operating System Principles:Software Project Management:Routing and Forwarding:Cross-Layer Communications:Programming Interactive Systems:Tools and Environments:Digital Forensics:Industrial Platforms:Software Reliability:Professional Communication:Resource Allocation:Social Networking:Fault Tolerance:Distributed Systems:Professional Ethics:Mobility:Computational Paradigms:Multiprocessing and Alternative Architectures:Interfacing and Communication:Platform Security:Networked Applications:Web Platforms:Agents:Device Management:User-Centered Design and Testing	[0.74573998 0.77343145 0.78804748 0.78971916 0.79391537 0.81662839 0.82112484 0.83707125 0.83795539 0.84377693 0.84397419 0.85131711 0.8597036  0.8621239  0.86591016 0.86626556 0.89580807 0.89638874 0.90935943 0.91713095 0.94295759 0.96598116 0.97026525 0.97421471 0.97521926 0.97848183 0.98189361 0.98652909 0.99124459 0.99446417 0.99799611 1.00685671 1.02114187 1.03671001 1.04299109 1.04632034 1.05102126 1.05150512 1.05277442]
CS 438	Communication Networks	layered architectures osi protocols layers architectures algorithms satellite protocols interconnection overview networking software	Operating System Principles:Cross-Layer Communications:Software Evolution:New Interactive Technologies:Introduction:Secure Software Engineering:Principles of Secure Design:Cloud Computing:Software Project Management:Overview of Operating Systems:Software Process:Industrial Platforms:Social Context:Mobile Platforms:Interfacing and Communication:Computational Paradigms:Programming Interactive Systems:Resource Allocation:Platform Security:Routing and Forwarding:History:Collaboration and Communication:Device Management:Tools and Environments:Multiprocessing and Alternative Architectures:Design-Oriented HCI:Social Networking:Memory Management:Mobility:Software Reliability:Digital Forensics:Distributed Systems:Fault Tolerance	[0.6296986  0.63077059 0.65645519 0.67780043 0.68800216 0.68965716 0.70021162 0.72863499 0.76895047 0.81800202 0.82813026 0.84068359 0.84975342 0.8542338  0.86856056 0.88130332 0.88811265 0.91550534 0.91559959 0.92677257 0.92942566 0.94014583 0.94689537 0.95503762 0.97498028 0.98350594 0.98753544 0.99994492 1.01207296 1.01586434 1.02251767 1.02459845 1.0264357 ]
CS 439	Wireless Networks	overview wireless architectures cellular hop wireless ad hoc mesh sensor wireless routing protocols protocols wireless wireless protocols sensor	Mobility:Social Context:Interfacing and Communication:Platform Security:Routing and Forwarding:New Interactive Technologies:Networked Applications:History:Resource Allocation:Industrial Platforms:Fundamental Concepts:Computational Paradigms:Game Platforms:Local Area Networks:Robotics:Operating System Principles:Software Project Management:Reliable Data Delivery	[0.63156751 0.7345204  0.86712762 0.93422395 0.93925073 0.95006944 0.99117383 0.99132101 1.01366813 1.02947126 1.03423701 1.04126539 1.04992825 1.05210883 1.06194604 1.06717244 1.06759946 1.06989288]
CS 440	Artificial Intelligence	topics solving inference robotics societal impacts	Agents:Modeling and Simulation:Design-Oriented HCI:User-Centered Design and Testing:Advanced Machine Learning:Introduction to Modeling and Simulation:Professional Ethics:Fundamental Issues:Data Mining:Interactive Visualization:Advanced Representation and Reasoning:Information Storage and Retrieval:Perception and Computer Vision:Sustainability	[0.53772615 0.64659016 0.75638383 0.76236583 0.76959876 0.78214218 0.81433518 0.84605488 0.89063037 0.89573582 0.90315762 0.91435594 0.91708763 0.91975146]
CS 441	Applied Machine Learning	regression regression regression regression regression logistic regression boosting forests clustering agglomerative clustering resampling validation bootstrap aic stepwise lasso markov estimation neural exposition interpreting audio	Reasoning Under Uncertainty:Basic Machine Learning:Statistical Methods for HCI:Advanced Machine Learning:Natural Language Processing:Numerical Analysis:Modeling and Simulation:Discrete Probability:Advanced Search:Introduction to Modeling and Simulation:Perception and Computer Vision:Basic Analysis:Data Mining:Advanced Computational Complexity	[0.50918134 0.63796736 0.6539623  0.70889733 0.80039328 0.83770215 0.85668974 0.87489647 0.93746875 0.94187104 0.96644817 0.98415918 0.98779813 0.99036569]
CS 442	Trustworthy Machine Learning	prepares privacy educates strategies vulnerabilities algorithms trustworthy topics regression pca adversarial algorithms privacy valuation defenses reinforced topic coding exams analyze interactions attackers defenders trustworthy topic homework classifier designing adversarial classifier defenses robustness classifier topics demonstrating algorithms	Agents:Modeling and Simulation:Advanced Machine Learning:Fundamental Issues:Introduction to Modeling and Simulation:Design-Oriented HCI:User-Centered Design and Testing:Information Storage and Retrieval:Statistical Methods for HCI:Reasoning Under Uncertainty:Natural Language Processing:Professional Ethics:Digital Forensics:Data Mining:Data, Information, and Knowledge:Static Analysis:Advanced Representation and Reasoning:Advanced Search:Sustainability:Basic Machine Learning:Perception and Computer Vision:Interactive Visualization:Formal Models and Semantics:Economies of Computing:Algorithmic Strategies:Discrete Probability:Parallel Algorithms, Analysis, and Programming:Mobile Platforms:Requirements Engineering	[0.42395156 0.69380246 0.71416477 0.74085233 0.79104125 0.79844513 0.81567523 0.81904183 0.84078372 0.85426953 0.86087496 0.87001241 0.87029184 0.88310929 0.89826728 0.90119182 0.91585683 0.91926875 0.92498362 0.9533595  0.96626979 0.98397271 0.98462906 0.99209038 1.00132787 1.00641245 1.0129458  1.01839521 1.02112681]
CS 444	Deep Learning for Computer Vision	neural topics classifiers layer neural propagation stochastic descent convolutional neural detection dense labeling recurrent neural transformers generative adversarial variational autoencoders reinforcement coursework programming framework	Advanced Machine Learning:Basic Machine Learning:Reasoning Under Uncertainty:Modeling and Simulation:Advanced Search:Natural Language Processing:Introduction to Modeling and Simulation:Statistical Methods for HCI:Perception and Computer Vision:Agents:Fundamental Issues:Advanced Data Structures, Algorithms, and Analysis:Algorithmic Strategies:Advanced Representation and Reasoning:Numerical Analysis	[0.55262049 0.71631306 0.79898553 0.85961816 0.86970147 0.88025607 0.93190279 0.93195778 0.94308053 0.95759274 0.99065518 0.99575165 1.00335596 1.00425854 1.0050187 ]
CS 445	Computational Photography	enhance manipulate photo collections panoramic stitching morphing blending reconstruction	Advanced Rendering:Basic Rendering:Visualization:Geometric Modeling:Computer Animation:Mixed, Augmented and Virtual Reality:Perception and Computer Vision:Numerical Analysis:Modeling and Simulation:Statistical Methods for HCI:Robotics:Data Mining:Interactive Visualization:Data, Information, and Knowledge	[0.71549411 0.72632173 0.76656443 0.76755759 0.83181186 0.84008961 0.98630578 1.07600792 1.08573406 1.09357894 1.096883   1.10385694 1.1040851  1.10502294]
CS 446	Machine Learning	paradigms discriminative generative reinforcement regression logistic regression nets dimensionality gaussian mixtures expectation maximization markov mining adaptive	Reasoning Under Uncertainty:Advanced Machine Learning:Basic Machine Learning:Natural Language Processing:Statistical Methods for HCI:Modeling and Simulation:Advanced Search:Discrete Probability:Introduction to Modeling and Simulation:Agents:Perception and Computer Vision:Numerical Analysis:Fundamental Issues:Advanced Representation and Reasoning:Advanced Data Structures, Algorithms, and Analysis:Static Analysis:Data Mining:Algorithmic Strategies:Information Storage and Retrieval:Parallel Algorithms, Analysis, and Programming:Basic Analysis:Fundamental Data Structures and Algorithms:Advanced Computational Complexity	[0.35969654 0.40216848 0.47242775 0.69767613 0.71658237 0.79793361 0.82313128 0.85742014 0.85904666 0.9181333  0.9214806  0.92798083 0.93702669 0.95077867 0.95564079 0.9618718  0.98111008 0.98623107 0.9983992  1.00053792 1.01543651 1.01709839 1.01826386]
CS 447	Natural Language Processing	tagging parsing semantic linguistics morphology lexical semantics syntax compositional semantics ling	Compiler Semantic Analysis:Formal Semantics:Syntax Analysis:Advanced Representation and Reasoning:Logic Programming:Advanced Automata Theory and Computability:Language Pragmatics:Program Representation:Type Systems:Basic Knowledge Representation and Reasoning:Advanced Programming Constructs:Functional Programming:Basic Logic:Natural Language Processing:Proof Techniques:Formal Methods:Sets, Relations, and Functions:Fundamental Programming Concepts:Information Storage and Retrieval:Basic Type Systems:Fundamental Issues:Basics of Counting:Formal Models and Semantics:Communication and Coordination:Development Methods:Static Analysis:Modeling and Simulation:Virtualization and Isolation:Algorithms and Design:Data Modeling:Agents	[0.63605417 0.77476144 0.7862288  0.80944319 0.85219569 0.85719394 0.8656225  0.8703168  0.91541981 0.92871299 0.93677357 0.94408824 0.95026591 0.96404394 0.9692304  0.96934407 0.97933489 0.98438766 0.99085876 1.01065521 1.01098661 1.04360844 1.04739754 1.06618053 1.06863518 1.0716052  1.09075109 1.09249453 1.09851232 1.09857372 1.1030298 ]
CS 448	Audio Computing Laboratory	computational audio audio implementation virtual audio rendering manipulations autotuning denoising forensics audio retrieval audio rudimentary audio coding audio audio restoration lab collectively implement audio laptops headphones lab	Fundamental Concepts:Multimedia Systems:Robotics:Perception and Computer Vision:Mixed, Augmented and Virtual Reality:Interfacing and Communication:Industrial Platforms:Social Context:State and State Machines:New Interactive Technologies:Digital Logic and Digital Systems:History:Game Platforms:Platform Security:Resource Allocation:Digital Forensics:Mobility:Local Area Networks:Computational Paradigms	[0.6849853  0.71103699 0.98167177 0.99342786 0.99588601 1.06416334 1.06731501 1.07839331 1.0835727  1.08616883 1.0947667  1.09657076 1.10176126 1.10183349 1.11879301 1.12606171 1.13955398 1.14320227 1.14353057]
CS 450	Numerical Analysis	solvers optimization interpolation approximation solving nonlinear equations eigenvalue squares quadrature partial equations cs cs	Numerical Analysis:Advanced Computational Complexity:Basic Analysis:Discrete Probability:Basics of Counting:Modeling and Simulation:Advanced Search:Reasoning Under Uncertainty	[0.42244158 0.72239932 0.75965318 0.8342354  0.84396802 0.88381506 0.88501642 0.88533218]
CS 457	Numerical Methods II	orthogonalization squares krylov subspace equations optimization partial equations cs	Numerical Analysis:Advanced Computational Complexity:Discrete Probability:Basics of Counting:Basic Analysis:Advanced Search:Reasoning Under Uncertainty:Modeling and Simulation:Statistical Methods for HCI:Advanced Data Structures, Algorithms, and Analysis:Parallel Algorithms, Analysis, and Programming:Fundamental Data Structures and Algorithms:Algorithmic Strategies:Basic Search Strategies:Advanced Machine Learning	[0.58321627 0.66574295 0.84714185 0.85429246 0.85748973 0.90610473 0.91134491 0.91997807 0.9380201  0.97136526 0.97410491 0.97748039 0.98474609 0.98915915 0.98953022]
CS 460	Security Laboratory	malware firewalls sniffing tunnels intrusion detection aaa worm forensics architectures complements	Threats and Attacks:Security Policies, Laws, and Computer Crimes:Network Security:Human Factors and Security:Foundational Concepts in Security:Real Time and Embedded Systems:Privacy and Civil Liberties:Intellectual Property:Security Policy and Governance:Web Security:Digital Forensics:Professional Ethics:Design-Oriented HCI:Economies of Computing:Software Project Management:Social Context	[0.50136411 0.58780324 0.73300879 0.82864472 1.03798099 1.04675434 1.06651379 1.06775877 1.08911851 1.11282194 1.11682114 1.12595477 1.13291531 1.14595574 1.14623188 1.15139803]
CS 461	Computer Security I	privacy vulnerabilities malicious software secrecy integrity trusted computing mandatory discretionary certification accreditation authentication auditing intrusion detection cryptography protocols	Foundational Concepts in Security:Human Factors and Security:Security Policy and Governance:Privacy and Civil Liberties:Network Security:Security Policies, Laws, and Computer Crimes:Software Verification and Validation:Threats and Attacks:Intellectual Property:Cryptography:Software Reliability:Professional Ethics:Web Security:Software Project Management:Overview of Operating Systems:Principles of Secure Design:Fault Tolerance:Secure Software Engineering:Real Time and Embedded Systems:Economies of Computing:Digital Forensics:Sustainability:Security and Protection	[0.48234599 0.73286098 0.74022503 0.78721602 0.8074766  0.86341537 0.87185724 0.97291087 1.01711615 1.01820533 1.02370639 1.0407196 1.04411088 1.05335373 1.05865228 1.0669869  1.08248988 1.09030163 1.09223865 1.09678755 1.11175883 1.11421795 1.118861  ]
CS 463	Computer Security II	trusted privacy anonymity confinement auditing forensics intrusion detection specification verification protocols topics cryptography cs	Foundational Concepts in Security:Security Policy and Governance:Privacy and Civil Liberties:Human Factors and Security:Network Security:Security Policies, Laws, and Computer Crimes:Software Verification and Validation:Threats and Attacks:Intellectual Property:Professional Ethics:Cryptography:Web Security:Software Reliability:Real Time and Embedded Systems:Fault Tolerance:Software Project Management:Overview of Operating Systems:Digital Forensics	[0.53451159 0.68692134 0.72605614 0.74529113 0.76356414 0.85718698 0.88772805 0.9754506  0.99671425 1.0318996  1.03287788 1.06363724 1.07369195 1.0862234  1.08995911 1.09647096 1.10017263 1.10179835]
CS 464	Topics in Societal and Ethical Impacts of Computer Technology	topics versus cyberspace discourse privacy livelihoods automation fairness divide topics offerings offerings overlap cs cs stat stat	Professional Ethics:User-Centered Design and Testing:Design-Oriented HCI:Agents:Sustainability:Mobile Platforms:Economies of Computing:Digital Forensics:Professional Communication:Requirements Engineering:Privacy and Civil Liberties:Security Policy and Governance:Information Storage and Retrieval:Intellectual Property:Fundamental Issues:Software Process:Foundations:Principles of Secure Design:Analytical Tools:Modeling and Simulation:Data Mining	[0.67293553 0.68500079 0.73606993 0.77977444 0.86388888 0.8725683 0.88172519 0.89770677 0.93732778 0.96006018 0.96458899 1.0043985 1.0102489  1.01375459 1.02414249 1.02572182 1.03407119 1.03585655 1.05076625 1.05186391 1.05299497]
CS 465	User Interface Design	focused user interface implementation domain user iterative prototyping interfaces user cognitive walkthroughs usability implementation prototype majors enroll programmers implementation	Principles of Secure Design:Development Methods:Introduction:Software Design:New Interactive Technologies:Mobile Platforms:Software Evolution:Cross-Layer Communications:Software Construction:Programming Interactive Systems:Software Verification and Validation:User-Centered Design and Testing:Foundations:Defensive Programming:Design-Oriented HCI:Software Process:Communication and Coordination:Virtualization and Isolation:Operating System Principles:Overview of Operating Systems:Secure Software Engineering:Fundamental Data Structures:Advanced Programming Constructs:Collaboration and Communication:Professional Communication:Object-Oriented Programming:Professional Ethics:Tools and Environments:Software Project Management:Cloud Computing:Software Reliability:Designing Interactions:Agents:Formal Methods:Sustainability:Security Policy and Governance:Formal Models and Semantics:Economies of Computing:Fault Tolerance:Social Networking:Requirements Engineering:Analytical Tools:Foundational Concepts in Security:Industrial Platforms:Privacy and Civil Liberties:Advanced Representation and Reasoning:Functional Programming:Relational Databases:Quantitative Evaluation:Fundamental Issues:Formal Semantics:Static Analysis:Digital Forensics:Processing:Type Systems:Compiler Semantic Analysis:Device Management:Logic Programming:Modeling and Simulation:Basic Knowledge Representation and Reasoning:Concurrency and Parallelism:Parallel Performance:History:Digital Logic and Digital Systems:Distributed Systems:Event-Driven and Reactive Programming:Program Representation:Memory System Organization and Architecture:Data Modeling:Distributed Databases:Language Translation and Execution:Language Pragmatics:Intellectual Property:Information Storage and Retrieval:Introduction to Modeling and Simulation:Parallel Decomposition:Web Platforms:Concurrency:Sets, Relations, and Functions:Real Time and Embedded Systems:Parallelism:Human Factors and Security:Social Context:Basic Logic:Algorithms and Design:Database Systems:Proof Techniques:Data, Information, and Knowledge:Basics of Counting:Parallelism Fundamentals:Reliability Through Redundancy:System Performance Evaluation:Security and Protection:Security Policies, Laws, and Computer Crimes:Computational Paradigms:Interactive Visualization:State and State Machines:Platform Security:Data Mining:Code Generation:Routing and Forwarding:Basic Analysis:Algorithmic Strategies:Resource Allocation:Memory Management:Basic Type Systems:Evaluation:Network Security:Advanced Machine Learning:Advanced Automata Theory and Computability:Parallel Algorithms, Analysis, and Programming:Multiprocessing and Alternative Architectures:Transaction Processing:Web Security:Natural Language Processing:Assembly Level Machine Organization:Networked Applications:Fundamental Programming Concepts:Interfacing and Communication:Perception and Computer Vision:Functional Organization:Basic Search Strategies:Query Languages:Advanced Search:Resource Allocation and Scheduling:Performance Enhancements:Reasoning Under Uncertainty:Discrete Probability:Scheduling and Dispatch:Robotics:Advanced Data Structures, Algorithms, and Analysis:Proximity:Syntax Analysis:Statistical Methods for HCI:Threats and Attacks:Mixed, Augmented and Virtual Reality:Basic Machine Learning:Game Platforms:Parallel Architecture:Runtime Systems:Visualization:Cryptography:Computer Animation:Graphs and Trees:Fundamental Data Structures and Algorithms:Advanced Rendering:Indexing:Virtual Machines:Basic Rendering:Mobility:Numerical Analysis:Fundamental Concepts:Local Area Networks:Advanced Computational Complexity:Reliable Data Delivery:Geometric Modeling:Basic Automata, Computability and Complexity:Multimedia Systems:File Systems:Physical Database Design:Machine Level Representation of Data:Information Management Concepts	[0.83777446 0.83853664 0.84254081 0.88564746 0.88966983 0.90549041 0.95660905 0.96464067 0.96851909 0.97904911 0.97913597 0.98413154 0.99189163 0.99354487 0.99738577 1.00644702 1.01704689 1.0185301 1.03565314 1.0357923  1.04708135 1.05231274 1.05581868 1.05622473 1.05930368 1.06507463 1.06901204 1.09494959 1.09659193 1.09809732 1.1080154  1.10856293 1.1112688  1.11377465 1.11554294 1.11634682 1.11704123 1.11888366 1.11920541 1.12257793 1.12352143 1.12803474 1.12931199 1.13284079 1.13369288 1.14007591 1.14142218 1.14458906 1.14527163 1.14872821 1.15118706 1.15132783 1.15161136 1.15488263 1.15519497 1.15608061 1.15860885 1.15915485 1.15967934 1.15994448 1.16010645 1.16263294 1.16281579 1.16364865 1.16378662 1.16455462 1.16508109 1.16874024 1.16892454 1.17042457 1.17451124 1.1757601 1.17602106 1.17751781 1.1778535  1.17915587 1.18476736 1.18508051 1.18522889 1.186308   1.18701685 1.18706791 1.1877379  1.18806676 1.19085155 1.19168371 1.1921709  1.19221629 1.19329648 1.19360004 1.19536652 1.19551415 1.19733562 1.19758104 1.19789172 1.20046071 1.2018735  1.20380923 1.2039755  1.20588346 1.20620185 1.20624837 1.20714639 1.20958347 1.20974909 1.20980171 1.2100841  1.21011235 1.21014922 1.21186972 1.21394395 1.21440669 1.21441989 1.21629328 1.21960529 1.21987883 1.21999901 1.22130857 1.22174265 1.22384057 1.22423278 1.22497946 1.22614389 1.22626992 1.22659363 1.22830739 1.2299149  1.2335692  1.23490996 1.2378336  1.24202618 1.24248606 1.24267328 1.24338335 1.24454922 1.24509443 1.24511904 1.24535658 1.24813146 1.25137081 1.25546036 1.2560188  1.25725397 1.25891039 1.25918737 1.2605913  1.26410869 1.26423801 1.26479221 1.26536449 1.26831428 1.27031189 1.27088245 1.27478765 1.27827554 1.27874025 1.28127121 1.29087376 1.29097399 1.30775324 1.33023372 1.34095092]
CS 466	Introduction to Bioinformatics	algorithmic bioinformatics computationally discovering genes interactions genes ii algorithmic applicability solving programming probabilistic iii translating algorithmic biologists	Modeling and Simulation:Introduction to Modeling and Simulation:Advanced Representation and Reasoning:Fundamental Issues:Agents:Advanced Machine Learning:Static Analysis:Reasoning Under Uncertainty:Basic Knowledge Representation and Reasoning:Statistical Methods for HCI:Basics of Counting:Data Mining:Natural Language Processing:Information Storage and Retrieval:Interactive Visualization:Algorithms and Design:Logic Programming:Data, Information, and Knowledge:Parallel Algorithms, Analysis, and Programming:Advanced Search	[0.44972033 0.57084742 0.63996857 0.65415148 0.67030991 0.68804929 0.73408223 0.75426246 0.78826474 0.80782088 0.8111879  0.82261804 0.83619066 0.848949   0.84923815 0.86086358 0.8733228  0.88722764 0.89124341 0.89370467]
CS 467	Social Visualization	visualizing networked spaces networked messaging email messaging networking collaborative visualizations visualization visualizing compilations online	Collaboration and Communication:Social Context:Design-Oriented HCI:Economies of Computing:New Interactive Technologies:Software Process:Cloud Computing:Overview of Operating Systems:Digital Forensics:Introduction:Mobile Platforms:Agents:Social Networking:Professional Communication	[0.65963013 0.86198646 0.87783392 0.88742694 0.90267901 0.92422365 0.92666421 0.94091026 0.94804214 0.94948504 0.95826157 0.96425366 0.96595191 0.9661422 ]
CS 468	Tech and Advertising Campaigns	maturation internet journalism impacts user designing web web completing	Economies of Computing:Professional Communication:Professional Ethics:Digital Forensics:Privacy and Civil Liberties:Collaboration and Communication:Design-Oriented HCI:Security Policy and Governance:Web Platforms:Intellectual Property:Software Process:History:Social Context:Foundations:User-Centered Design and Testing:Software Project Management:Software Verification and Validation:Mobile Platforms:Foundational Concepts in Security:Software Evolution:Principles of Secure Design:Tools and Environments:Secure Software Engineering:Security and Protection:Agents:Security Policies, Laws, and Computer Crimes:Human Factors and Security:Web Security	[0.82169394 0.86347693 0.86544387 0.88558804 0.90422307 0.91755004 0.92834691 0.92879191 0.95313989 0.96850399 0.96898569 0.97469746 1.00162291 1.00800048 1.02321248 1.02526331 1.03126661 1.03494515 1.04825225 1.05111112 1.05208295 1.05785134 1.05843063 1.06185204 1.07211375 1.08965677 1.08973042 1.09141764]
CS 469	Computational Advertising Infrastructure	technologies web auctions behavioral targeting viral underpin advertisements ads ads computational adverting algorithmic personalized advertisements privacy	Collaboration and Communication:Intellectual Property:Privacy and Civil Liberties:Economies of Computing:Digital Forensics:Professional Ethics:Design-Oriented HCI:History:Professional Communication:Security Policy and Governance:Social Context:User-Centered Design and Testing:Software Process:Foundations:Security Policies, Laws, and Computer Crimes:Human Factors and Security:Software Evolution:Foundational Concepts in Security:Secure Software Engineering:Mobile Platforms	[0.93335875 0.93750238 0.95932897 0.96867205 0.97497982 0.98035991 0.99957405 1.00762029 1.02965754 1.03480749 1.04461396 1.05095977 1.05167928 1.08032644 1.08810967 1.0896743  1.09268768 1.09662608 1.09767125 1.09813245]
CS 473	Algorithms	approximation algorithms randomized algorithms amortized topics programming	Algorithmic Strategies:Advanced Data Structures, Algorithms, and Analysis:Parallel Algorithms, Analysis, and Programming:Algorithms and Design:Advanced Search:Modeling and Simulation:Fundamental Data Structures and Algorithms:Advanced Machine Learning:Introduction to Modeling and Simulation:Reasoning Under Uncertainty:Basic Search Strategies:Perception and Computer Vision:Basic Analysis:Static Analysis:Statistical Methods for HCI:Agents:Advanced Representation and Reasoning:Numerical Analysis:Logic Programming:Fundamental Issues:Natural Language Processing:Basics of Counting:Basic Machine Learning:Discrete Probability:Formal Models and Semantics:Information Storage and Retrieval:Basic Knowledge Representation and Reasoning:Processing:Data Mining:Interactive Visualization	[0.45984993 0.4774193  0.58178318 0.64165679 0.68696034 0.69969902 0.71670184 0.75116314 0.78687217 0.79859369 0.80353372 0.80683763 0.87420406 0.88260653 0.894511   0.89687878 0.90337494 0.90964517 0.91673792 0.92100979 0.93084123 0.94506283 0.95322388 0.96493782 0.97211536 0.99224079 0.99587432 1.0082387  1.00949331 1.01417965]
CS 474	Logic in Computer Science	emphasizing computable automated databases prepares ai topics syntax semantics proofs propositional decidable logics realizations smt solvers descriptive topics logics verification modal temporal courcelle theorem parameterized database query	Advanced Representation and Reasoning:Basic Knowledge Representation and Reasoning:Basic Logic:Formal Semantics:Logic Programming:Sets, Relations, and Functions:Basics of Counting:Proof Techniques:Advanced Automata Theory and Computability:Fundamental Issues:Formal Methods:Basic Type Systems:Type Systems:Modeling and Simulation:Introduction to Modeling and Simulation:Static Analysis	[0.38175587 0.50824145 0.58650813 0.59896517 0.67221718 0.68095707 0.71494408 0.7177702  0.75354322 0.79904692 0.83909801 0.85550943 0.8615969  0.87294646 0.87662025 0.87799299]
CS 475	Formal Models of Computation	automata pushdown automata turing recursively enumerable bounded automata computability halting undecidable recursive chomsky hierarchy computational	Advanced Automata Theory and Computability:Basic Knowledge Representation and Reasoning:Advanced Representation and Reasoning:Proof Techniques:Sets, Relations, and Functions:Basic Logic:Logic Programming:Basics of Counting:Type Systems:Formal Semantics:Basic Type Systems:Algorithms and Design:Compiler Semantic Analysis:Syntax Analysis:Language Pragmatics	[0.3618049  0.70586159 0.74965053 0.7658398  0.76729062 0.77658183 0.78683026 0.80354686 0.8896965  0.89179131 0.89792359 0.98154326 0.98886452 0.99422427 0.99648424]
CS 476	Program Verification	demonstrating correctness invariant assertions hoare axiomatics orderings proving termination induction computational induction overview predicate calculus	Basic Knowledge Representation and Reasoning:Proof Techniques:Basic Logic:Sets, Relations, and Functions:Formal Semantics:Logic Programming:Advanced Representation and Reasoning:Advanced Automata Theory and Computability:Basics of Counting:Type Systems:Language Pragmatics:Formal Models and Semantics:Discrete Probability:Formal Methods:Fundamental Issues:Static Analysis:Basic Type Systems:Analytical Tools:Compiler Semantic Analysis:Algorithms and Design:Modeling and Simulation:Introduction to Modeling and Simulation:Basic Search Strategies	[0.42825559 0.43640592 0.55345328 0.56845947 0.57527294 0.59340705 0.65479225 0.69408057 0.70897427 0.81407094 0.82592    0.84804136 0.86848559 0.87176869 0.90317335 0.91069054 0.91362054 0.98571531 0.98617939 0.99210133 0.9999085  1.00126297 1.00240484]
CS 477	Formal Software Development Methods	software specification verification	Foundational Concepts in Security:Software Verification and Validation:Security Policy and Governance:Software Project Management:Secure Software Engineering:Platform Security:Privacy and Civil Liberties:Digital Forensics:Intellectual Property:Professional Ethics:Software Process:Software Evolution:Principles of Secure Design	[0.67501942 0.75563848 0.79253674 0.84989796 0.86359151 0.8945261 0.89738526 0.9325118  0.94178651 0.94931896 0.9667552  0.96990147 0.97096644]
CS 481	Advanced Topics in Stochastic Processes & Applications	modeling stochastic transient markov chains renewal queuing embedded markov queuing reliability discrete markov chains poisson	Modeling and Simulation:Advanced Machine Learning:Introduction to Modeling and Simulation:Reasoning Under Uncertainty:Fundamental Issues:Agents:Statistical Methods for HCI:Advanced Representation and Reasoning:Advanced Search:Natural Language Processing:Data Mining:Static Analysis:Data, Information, and Knowledge:Basic Knowledge Representation and Reasoning:Basic Machine Learning:Perception and Computer Vision:Interactive Visualization:Information Storage and Retrieval:Numerical Analysis:Discrete Probability:Algorithms and Design:Basics of Counting:Design-Oriented HCI:Formal Models and Semantics:Algorithmic Strategies:Sets, Relations, and Functions:Basic Analysis	[0.52142102 0.61195443 0.6497938  0.66929532 0.69083032 0.69599504 0.74179769 0.79573944 0.82106336 0.83891219 0.85926694 0.86166589 0.89321878 0.89976622 0.90992823 0.92788305 0.93399926 0.93418902 0.94029559 0.94388751 0.94834216 0.95410468 0.96048362 0.96411638 0.97140037 0.97493857 0.97599315]
CS 482	Simulation	discrete simulation modeling verification validation simulation modeling distributions variate	Statistical Methods for HCI:Reasoning Under Uncertainty:Modeling and Simulation:Introduction to Modeling and Simulation:Advanced Machine Learning:Agents:Data Mining:Static Analysis:Fundamental Issues:Discrete Probability	[0.57986614 0.65550566 0.68567332 0.70163502 0.76762917 0.84952545 0.87353022 0.88119518 0.88479771 0.88573371]
CS 483	Applied Parallel Programming	programming processors computation cores computational parallelism programming mapping computations hardware paradigms algorithms	Processing:Parallelism:Evaluation:Multiprocessing and Alternative Architectures:Performance Enhancements:Parallel Architecture:Parallelism Fundamentals:Concurrency and Parallelism:Computational Paradigms:Functional Organization:Quantitative Evaluation:Assembly Level Machine Organization:Parallel Performance:Proximity:Resource Allocation and Scheduling:Memory Management:Formal Models and Semantics:Concurrency:Parallel Algorithms, Analysis, and Programming:Parallel Decomposition:Defensive Programming:Cloud Computing:Digital Logic and Digital Systems:Communication and Coordination:Static Analysis:Scheduling and Dispatch:System Performance Evaluation:Distributed Systems	[0.37862801 0.52867382 0.59719104 0.631628   0.69360995 0.73338074 0.77490508 0.8060507  0.81663383 0.8325541  0.85020929 0.85107065 0.86764236 0.87942027 0.8912304  0.89736849 0.91597158 0.91699069 0.93092523 0.93775951 0.94067524 0.94710633 0.96935266 0.97623906 0.97736709 0.98667895 0.98835825 0.99165702]
CS 484	Parallel Programming	programming computers multiprocessors simd processors processors programming reactive transformational programming speculation speedup isoefficiency balancing synchronization primitives programming openmp mpi monitoring tuning programming algorithms	Parallelism:Processing:Multiprocessing and Alternative Architectures:Evaluation:Performance Enhancements:Parallel Architecture:Parallelism Fundamentals:Parallel Performance:Computational Paradigms:Concurrency and Parallelism	[0.3982215  0.52313908 0.56571525 0.60824395 0.69498114 0.70494018 0.74443831 0.78705241 0.78985652 0.79020582]
CS 491	Seminar	seminar topics grading topics	User-Centered Design and Testing:Professional Ethics:Digital Forensics:Information Storage and Retrieval:Agents:Design-Oriented HCI:Intellectual Property:Professional Communication:Mobile Platforms:Economies of Computing:Data, Information, and Knowledge:History:Social Networking:Software Process:Collaboration and Communication:Privacy and Civil Liberties:Data Mining:Advanced Machine Learning:Development Methods:Modeling and Simulation:Foundations:Software Construction:Requirements Engineering:Data Modeling:Introduction to Modeling and Simulation	[0.96766223 1.06601313 1.07264579 1.07597184 1.08861411 1.10012935 1.11762131 1.12895233 1.13941668 1.14802624 1.15374229 1.15454195 1.15847776 1.17038343 1.17289039 1.17438059 1.17653338 1.18000419 1.18462119 1.18872763 1.19113731 1.19163052 1.19424824 1.19647428 1.19668047]
CS 492	Senior Project I	implementation sponsors	Professional Ethics:Design-Oriented HCI:User-Centered Design and Testing:Professional Communication:Digital Forensics:Economies of Computing:Mobile Platforms:Privacy and Civil Liberties:Security Policy and Governance:Intellectual Property:Principles of Secure Design:Software Process:Agents:Software Verification and Validation:Collaboration and Communication:Foundations:History:Introduction:Software Evolution:Foundational Concepts in Security:Secure Software Engineering:Requirements Engineering:New Interactive Technologies:Sustainability:Information Storage and Retrieval:Cross-Layer Communications:Social Networking:Development Methods:Software Project Management:Social Context:Cloud Computing:Security Policies, Laws, and Computer Crimes:Fundamental Data Structures:Human Factors and Security:Software Construction:Tools and Environments:Analytical Tools:Data Modeling:Operating System Principles	[0.90344743 0.94662116 0.95700814 0.97112261 1.00356986 1.0100345 1.01526931 1.02888261 1.0340582  1.04555439 1.04956968 1.05254512 1.0561616  1.05721255 1.06766327 1.08357248 1.08502235 1.08651003 1.09071098 1.09958872 1.1095771  1.11196176 1.11551055 1.1269172 1.13451927 1.13485119 1.138427   1.13939475 1.14363009 1.1447542 1.14983918 1.15031141 1.15530793 1.15896791 1.16402369 1.16444128 1.16981311 1.17058642 1.17210372]
CS 493	Senior Project II, ACP	satisfies criteria	Sets, Relations, and Functions:Fundamental Programming Concepts:Basic Logic:Discrete Probability:Proof Techniques:Basic Knowledge Representation and Reasoning:Advanced Representation and Reasoning:Logic Programming:Query Languages:Language Pragmatics:Basic Search Strategies:Formal Models and Semantics:Basic Type Systems:Type Systems:Basics of Counting:Advanced Automata Theory and Computability:Fundamental Data Structures and Algorithms:Compiler Semantic Analysis:Algorithms and Design	[1.11475041 1.13143871 1.143978   1.15164098 1.16194469 1.17005303 1.17725754 1.18601257 1.19006493 1.19874537 1.20150751 1.20442587 1.20578947 1.21104556 1.21360835 1.21429571 1.21759441 1.21762523 1.21802044]
CS 494	Senior Project II	 	 	 
CS 497	CS Team Project	cs cs topics topics	User-Centered Design and Testing:Information Storage and Retrieval:Agents:Professional Ethics:Design-Oriented HCI:Digital Forensics:Mobile Platforms:Social Networking:Intellectual Property:Professional Communication:Introduction:Development Methods:Software Process	[1.0661874  1.11966567 1.16269013 1.16639069 1.1674398  1.17551385 1.17939447 1.17994325 1.1893397  1.19492774 1.20515163 1.20543529 1.20622922]
CS 498	Special Topics	offerings augment departmental topics prerequisites topics	User-Centered Design and Testing:Professional Ethics:Design-Oriented HCI:Digital Forensics:Professional Communication:Agents:Economies of Computing:Intellectual Property:Information Storage and Retrieval	[0.86995724 0.95027178 0.99799909 0.9999242  1.02678798 1.0310268 1.03989981 1.04106549 1.04244167]
CS 499	Senior Thesis	thesis implementation thesis satisfies criteria	Algorithmic Strategies:Parallel Algorithms, Analysis, and Programming:Advanced Data Structures, Algorithms, and Analysis:Advanced Search:Algorithms and Design:Modeling and Simulation:Advanced Machine Learning:Basic Search Strategies:Fundamental Data Structures and Algorithms:Agents:Logic Programming:Reasoning Under Uncertainty:Perception and Computer Vision:Introduction to Modeling and Simulation	[0.67311248 0.72983644 0.75728437 0.78023962 0.81217541 0.83380579 0.86384795 0.86720935 0.87971036 0.87991719 0.88835687 0.93943712 0.94108975 0.94127787]
CS 500	Current Topics in Computing Education Research	topics computers constructivism behaviorism cognitivism potentiated computing topics programming computing topics ethically culminate topics offerings offerings overlap cs	User-Centered Design and Testing:Professional Ethics:Design-Oriented HCI:Agents:Digital Forensics:Mobile Platforms:Economies of Computing:Software Process:Professional Communication:Information Storage and Retrieval:Intellectual Property:Introduction:History:Collaboration and Communication:Software Evolution:Privacy and Civil Liberties:Social Networking:Principles of Secure Design:Data, Information, and Knowledge:Development Methods:Data Mining	[0.69015075 0.78138564 0.82022908 0.84732962 0.88049197 0.9147313 0.93011601 0.96197505 0.97899006 0.99490169 1.01216066 1.01595149 1.02756847 1.03270787 1.03344149 1.04349787 1.05769148 1.05960298 1.0644677  1.06688684 1.06945314]
CS 508	Manycore Parallel Algorithms	algorithm enhancing scalability software scatter spatial sorting binning privatization conflicts tiling locality regularization compaction conserve bandwidth buffering overlap latencies layout dram accesses	Parallel Performance:Processing:System Performance Evaluation:Memory System Organization and Architecture:Evaluation:Quantitative Evaluation:Static Analysis:Concurrency and Parallelism:Formal Models and Semantics:Parallel Decomposition:Parallel Algorithms, Analysis, and Programming:Defensive Programming:Perception and Computer Vision:Parallelism Fundamentals:Distributed Systems:Code Generation:Parallelism:Modeling and Simulation:Reliability Through Redundancy:Language Translation and Execution:Computational Paradigms:Basic Analysis	[0.70746816 0.78025727 0.78840467 0.79324387 0.80637093 0.83822142 0.88159845 0.90266681 0.90597958 0.91858583 0.92272618 0.9365894 0.95038626 0.96605576 0.97506457 0.99053859 0.99137622 0.99940368 1.00383269 1.00901962 1.01036486 1.01177095]
CS 510	Advanced Information Retrieval	algorithms retrieval milestones retrieval methodology retrieval probabilistic retrieval algorithms probabilistic topic retrieval analytics topics frontiers retrieval	Modeling and Simulation:Agents:Interactive Visualization:Data Mining:Introduction to Modeling and Simulation:Advanced Machine Learning:Data, Information, and Knowledge:Fundamental Issues:Information Storage and Retrieval:Natural Language Processing:Reasoning Under Uncertainty:Statistical Methods for HCI:Static Analysis:Perception and Computer Vision:Design-Oriented HCI	[0.66898961 0.69953635 0.75021037 0.75161004 0.78418827 0.78627081 0.81340757 0.83633931 0.85634965 0.87360791 0.8896903  0.90149848 0.93681434 0.93910858 0.94041535]
CS 511	Advanced Data Management	implementation relational extensibility query indexing query transaction benchmarks unstructured extraction web mining	Distributed Databases:Indexing:Database Systems:Query Languages:Cloud Computing:Interactive Visualization:Parallel Performance:Relational Databases:Memory System Organization and Architecture:Parallel Decomposition:Data Mining:Data, Information, and Knowledge:Distributed Systems:Software Reliability:Economies of Computing:Fault Tolerance	[0.59376774 0.73467959 0.76716151 0.87061482 0.9874214  1.00924074 1.02277745 1.0289421  1.05796115 1.08525907 1.08956963 1.09757563 1.10308253 1.11016462 1.11178241 1.11463101]
CS 512	Data Mining Principles	algorithms mining descriptive predictive mining mining sequential clustering outlier fraud detection web biomedical mining privacy mining frontiers	Agents:Advanced Machine Learning:Modeling and Simulation:Data, Information, and Knowledge:Data Mining:Fundamental Issues:Introduction to Modeling and Simulation:Natural Language Processing:Reasoning Under Uncertainty:Statistical Methods for HCI:Information Storage and Retrieval:Basic Machine Learning:Interactive Visualization:Static Analysis:Perception and Computer Vision:Advanced Search:Advanced Representation and Reasoning:Design-Oriented HCI:User-Centered Design and Testing:Algorithmic Strategies:Digital Forensics:Advanced Data Structures, Algorithms, and Analysis:Professional Ethics:Economies of Computing:Parallel Algorithms, Analysis, and Programming:Discrete Probability:Sustainability:Algorithms and Design:Formal Models and Semantics:Formal Methods:Basic Knowledge Representation and Reasoning:Defensive Programming:Visualization	[0.54001458 0.60164958 0.65354781 0.68487221 0.72781264 0.76584072 0.77385528 0.7770539  0.80985298 0.81730387 0.82877978 0.84748283 0.86692532 0.87488392 0.88758955 0.91125281 0.9195581  0.9288894 0.93901869 0.96301818 0.9776364  0.98543627 0.9859976  0.99680357 0.99893314 1.00889786 1.01194234 1.02006416 1.02098268 1.03443985 1.04233091 1.04695141 1.0476688 ]
CS 513	Theory & Practice of Data Cleaning	cleansing assessing curation identifies lifecycle reviews checking database schema	Software Verification and Validation:Privacy and Civil Liberties:Professional Communication:Defensive Programming:Foundations:Data, Information, and Knowledge:Professional Ethics:Economies of Computing	[0.83236822 1.0191514  1.02682046 1.04791098 1.0580306  1.0621614 1.06262894 1.06461937]
CS 514	Advanced Topics in Network Science	topics architecture mining algorithms topics offerings offerings overlap cs prerequisites corequisites	Mobile Platforms:User-Centered Design and Testing:Introduction:Agents:Design-Oriented HCI:Social Networking:Development Methods:Professional Ethics:Software Process:Information Storage and Retrieval:Digital Forensics:New Interactive Technologies:Economies of Computing:Professional Communication	[0.68415363 0.71534173 0.79499337 0.8257007  0.85921755 0.91739835 0.92353223 0.93039707 0.94117067 0.95505238 0.96421316 0.97948498 0.98172667 0.98326225]
CS 519	Scientific Visualization	visualization computational schemes scalar tensor isosurface visualization monitoring interactive steering	Visualization:Interactive Visualization:Data Mining:Geometric Modeling:Data, Information, and Knowledge:Statistical Methods for HCI:Introduction to Modeling and Simulation:Modeling and Simulation:Advanced Rendering	[0.36383419 0.71511528 0.76305495 0.76712216 0.79562721 0.84600434 0.86667588 0.86744796 0.87146374]
CS 521	Advanced Topics in Programming Systems	topics verifying software checking automated verification automated runtime verification verified algorithms programming topics offerings offerings overlap cs prerequisites corequisites	Software Project Management:Secure Software Engineering:Principles of Secure Design:Foundational Concepts in Security:Tools and Environments:Software Evolution:Software Process:Professional Ethics	[0.75444125 0.76361908 0.8121259  0.81935144 0.86336121 0.87769485 0.87795277 0.87990229]
CS 522	Programming Language Semantics	programming programming meta interpreters typed untyped polymorphic lambda calculi denotational semantics	Formal Semantics:Advanced Programming Constructs:Type Systems:Basic Logic:Functional Programming:Proof Techniques:Language Pragmatics:Logic Programming:Basic Knowledge Representation and Reasoning:Program Representation:Development Methods:Compiler Semantic Analysis:Advanced Representation and Reasoning:Communication and Coordination:Advanced Automata Theory and Computability:Formal Methods	[0.70321382 0.81669095 0.85561125 0.94368647 0.94680676 0.96933831 0.97326862 0.97584371 0.98182644 0.98941738 0.99243962 1.00090538 1.00251389 1.00704963 1.00911493 1.01143173]
CS 523	Advanced Operating Systems	resource architectures virtual interprocess switching migration balancing	Cross-Layer Communications:Cloud Computing:Multiprocessing and Alternative Architectures:Software Project Management:Operating System Principles:Secure Software Engineering:Computational Paradigms:Parallelism:Software Evolution:Parallel Architecture:Performance Enhancements:Principles of Secure Design:Memory Management:Processing:Proximity	[0.71565712 0.74713016 0.7581966  0.79000318 0.79162023 0.81445316 0.81604375 0.8220225  0.84489693 0.85841217 0.88034486 0.88087856 0.89040708 0.89299705 0.89429924]
CS 524	Concurrent Progrmg Languages	concurrency concurrent programming concurrent computation algebras nets concurrent programming semantics correctness concurrent	Parallelism:Parallelism Fundamentals:Concurrency and Parallelism:Concurrency:Parallel Decomposition:Communication and Coordination:Parallel Performance:Evaluation:Processing:Distributed Systems:Multiprocessing and Alternative Architectures:Resource Allocation and Scheduling:Formal Models and Semantics:Quantitative Evaluation:Scheduling and Dispatch:Parallel Architecture:Defensive Programming:Device Management	[0.51546391 0.52870652 0.62419653 0.64183434 0.79957026 0.82012424 0.82269955 0.84391761 0.86166465 0.89588951 0.91182875 0.92349743 0.9327476  0.93872559 0.97092296 0.98284235 0.98355663 0.98635674]
CS 525	Advanced Distributed Systems	peer peer sensor computing methodologies overlaps protocol critiques presentations	Routing and Forwarding:New Interactive Technologies:Social Context:Mobility:Overview of Operating Systems:Introduction:Collaboration and Communication:Networked Applications:Design-Oriented HCI:Software Process:Software Evolution:Cloud Computing:Resource Allocation:Mobile Platforms:Distributed Systems:Principles of Secure Design:Reliable Data Delivery:Cross-Layer Communications:Secure Software Engineering:Interfacing and Communication:Programming Interactive Systems:Operating System Principles:Device Management:Digital Forensics	[0.7809656  0.85685395 0.85837681 0.90066759 0.90955537 0.91315683 0.91720795 0.93149304 0.95997033 0.96268385 0.96801608 0.96919422 0.9816365  0.99602495 1.00184551 1.00430611 1.0134299  1.0199082 1.02054913 1.0246378  1.02614773 1.03342035 1.03471518 1.03482961]
CS 526	Advanced Compiler Construction	incremental interactive compiling correction optimization generators	Code Generation:Processing:Static Analysis:System Performance Evaluation:Language Translation and Execution:Evaluation:Formal Models and Semantics:Concurrency and Parallelism:Quantitative Evaluation:Defensive Programming:Parallelism Fundamentals:Functional Organization:Parallelism:Formal Methods:Parallel Performance:Parallel Algorithms, Analysis, and Programming	[0.5584309  0.8252968  0.8511517  0.87359983 0.90476765 0.91618889 0.96747212 0.98829839 0.99930404 1.00210022 1.01310547 1.01487417 1.02369532 1.04302264 1.0455101  1.04604041]
CS 527	Topics in Software Engineering	tolerant software software architecture software software software	Secure Software Engineering:Software Evolution:Software Project Management:Industrial Platforms:Software Process:Principles of Secure Design:Operating System Principles:Cross-Layer Communications:History:Tools and Environments:Cloud Computing:New Interactive Technologies:Overview of Operating Systems:Introduction:Mobile Platforms	[0.29645328 0.41145853 0.58968231 0.6745571  0.67749011 0.71344796 0.77608331 0.79389327 0.83553912 0.85643212 0.8569286  0.86593664 0.89171888 0.89650871 0.90160291]
CS 528	Obj-Oriented Progrmg & Design	frameworks refractoring specifications	Software Evolution:Introduction:Mobile Platforms:Social Networking:Software Process:Secure Software Engineering	[0.88358088 0.88764995 0.9060955  0.97109217 0.97173827 0.97465285]
CS 533	Parallel Computer Architecture	pipeline computation processor bounds computations alignment bounds overall	Processing:Evaluation:Parallel Performance:Parallel Algorithms, Analysis, and Programming:Concurrency and Parallelism:Static Analysis:System Performance Evaluation:Formal Models and Semantics:Advanced Computational Complexity:Functional Organization:Computational Paradigms	[0.80903867 0.86976873 0.93683474 0.94535256 0.94845212 0.96676717 0.97032919 1.00592659 1.01566374 1.0178829  1.01847209]
CS 534	Advanced Topics in Computer Architecture	topics architecture computing architectures privacy hardware software resiliency stack heterogeneous platforms approximate computing computing accelerators computing technologies topics offerings offerings overlap cs prerequisites requisites	Cloud Computing:Mobile Platforms:Introduction:Software Evolution:Secure Software Engineering:Operating System Principles:Processing	[0.57128635 0.7196246  0.72774752 0.76350855 0.81661957 0.81771427 0.82003235]
CS 536	Fault-Tolerant Dig Syst Design	hardware software tolerance coding module detection reconfiguration multiprocessor vlsi processor arrays software tolerance programming checkpointing tolerant	Industrial Platforms:Multiprocessing and Alternative Architectures:Operating System Principles:Computational Paradigms:Digital Logic and Digital Systems:Processing:History:Performance Enhancements:Cross-Layer Communications:Cloud Computing:Assembly Level Machine Organization	[0.55524018 0.63346881 0.63850733 0.67234384 0.69941903 0.75395757 0.76168328 0.77325635 0.80372972 0.80421631 0.80613457]
CS 537	Advanced Topics in Internet of Things (IoT)	topics internet iot algorithms protocols architectures infrastructures iot sensors representations compression streaming caching iot iot analytics iot computing infrastructures resource optimization modal iot iot semester topics offerings offerings overlap cs prerequisites	Social Context:Cloud Computing:Collaboration and Communication:Introduction:Software Evolution:New Interactive Technologies:Secure Software Engineering:Overview of Operating Systems:Operating System Principles:History:Software Process:Principles of Secure Design:Cross-Layer Communications:Software Project Management:Design-Oriented HCI:Programming Interactive Systems:Economies of Computing:Mobile Platforms:Tools and Environments:Resource Allocation	[0.72851975 0.7944631  0.80417034 0.8148949  0.82125036 0.82125189 0.85710469 0.86275724 0.86724548 0.88297203 0.88497244 0.88858109 0.8979029  0.90401188 0.90521054 0.91939614 0.94329553 0.95428638 0.95555423 0.95667759]
CS 538	Advanced Computer Networks	congestion naming routing wireless internet architecture	Routing and Forwarding:Social Context:Networked Applications:Mobility:New Interactive Technologies:Interfacing and Communication:Platform Security:Cross-Layer Communications:Operating System Principles:Resource Allocation:History:Computational Paradigms:Industrial Platforms:Software Project Management	[0.58610883 0.8479615  0.89281725 0.9042817  0.94409988 0.94715605 0.96521552 0.96573795 0.97049705 0.99838144 1.0053149  1.01502396 1.01537344 1.01655014]
CS 539	Distributed Algorithms	algorithms proofs correctness algorithms consensus synchronization exclusion debugging peer peer computation tolerant algorithms algorithms wireless	Algorithmic Strategies:Algorithms and Design:Parallel Algorithms, Analysis, and Programming:Formal Models and Semantics:Advanced Search:Modeling and Simulation:Static Analysis:Perception and Computer Vision:Basic Search Strategies:Defensive Programming:Processing:Introduction to Modeling and Simulation:Advanced Data Structures, Algorithms, and Analysis:Evaluation:Advanced Machine Learning:Logic Programming:Fundamental Data Structures and Algorithms:Parallel Performance:Fundamental Issues	[0.77737132 0.81041028 0.81045132 0.81640223 0.84455858 0.85181864 0.85237917 0.86015642 0.86367716 0.89587692 0.90172544 0.90686767 0.92202437 0.93905148 0.94476639 0.94487377 0.95131402 0.95321604 0.95422733]
CS 540	Deep Learning Theory	rigorous foundational analyses approximation optimization generalization neural topics approximations layer optimization ntk margin optimization ntk rademacher vc dimensino bounds relu homeworks	Advanced Machine Learning:Modeling and Simulation:Advanced Search:Reasoning Under Uncertainty:Basic Machine Learning:Natural Language Processing:Numerical Analysis:Perception and Computer Vision:Statistical Methods for HCI:Algorithmic Strategies:Agents:Introduction to Modeling and Simulation:Static Analysis:Basic Search Strategies:Advanced Representation and Reasoning	[0.59945908 0.6824053  0.73430098 0.76531665 0.78857132 0.83168025 0.84791048 0.86280487 0.86665118 0.87794317 0.8883637  0.88909388 0.89466273 0.89679642 0.89788337]
CS 541	Computer Systems Analysis	analytical scheduling paging algorithms multiprogrammed resource queuing	Distributed Systems:Parallel Performance:Parallelism:Resource Allocation and Scheduling:Memory System Organization and Architecture:Parallel Decomposition:Evaluation:Device Management:Scheduling and Dispatch:Cloud Computing:Parallelism Fundamentals:Processing:Concurrency:Concurrency and Parallelism:Multiprocessing and Alternative Architectures:Quantitative Evaluation:Fault Tolerance:Software Reliability:Overview of Operating Systems:Formal Models and Semantics:Parallel Architecture:Computational Paradigms:Defensive Programming:Resource Allocation:Performance Enhancements	[0.61285585 0.70038947 0.77863409 0.81003185 0.81607532 0.83095414 0.84808005 0.87019605 0.87198993 0.87993573 0.89740791 0.9014467 0.90705644 0.91442645 0.934518   0.93716157 0.94659888 0.96179409 0.97556249 0.97907584 0.98878397 0.99079206 1.00084101 1.00391613 1.00504387]
CS 542	Statistical Reinforcement Learning	reinforcement analyses topics mdp basics analyses online offline batch rl tabular analyses online offline rl approximation abstraction rl settings online offline topics stochastic	Agents:Advanced Machine Learning:Modeling and Simulation:Reasoning Under Uncertainty:Information Storage and Retrieval:Introduction to Modeling and Simulation:Data Mining	[0.64006337 0.70187114 0.73793064 0.81937431 0.82838265 0.83076453 0.83228667]
CS 543	Computer Vision	algorithms architectures robotics inference spatial navigation manipulation robotics	Agents:Modeling and Simulation:Introduction to Modeling and Simulation:Data Mining:Interactive Visualization:Advanced Machine Learning:Perception and Computer Vision:Parallel Algorithms, Analysis, and Programming:Design-Oriented HCI:Data, Information, and Knowledge:Advanced Search:Fundamental Issues:Visualization	[0.6765292  0.67892035 0.70473408 0.85579888 0.87607065 0.87857106 0.88037996 0.89217532 0.90779093 0.91350079 0.92833175 0.92875102 0.93031474]
CS 544	Optimiz in Computer Vision	discrete optimization algorithms approximations newton variants augmented lagrangian variants smo algorithms flows primal dual dynamics programming markov parsing quadratic max markov	Modeling and Simulation:Introduction to Modeling and Simulation:Advanced Search:Reasoning Under Uncertainty:Advanced Machine Learning:Numerical Analysis:Statistical Methods for HCI:Basic Search Strategies:Parallel Algorithms, Analysis, and Programming:Algorithmic Strategies	[0.35740552 0.6150268  0.66332265 0.68311167 0.70439678 0.73013557 0.7544722  0.80158468 0.80684159 0.80686454]
CS 545	Machine Learning for Signal Processing	fundamentals pertain decompose analyze classify detect consolidate feeds organizing collections designing dialog	Data, Information, and Knowledge:Data Mining:Interactive Visualization:Agents:Fundamental Issues:Introduction to Modeling and Simulation:Modeling and Simulation:Design-Oriented HCI:Information Storage and Retrieval:Visualization:Statistical Methods for HCI:Advanced Representation and Reasoning:Data Modeling:Natural Language Processing:User-Centered Design and Testing	[0.91322766 0.9418948  0.94863778 1.04396159 1.06162676 1.06534396 1.06602245 1.08462268 1.08792428 1.09633099 1.09952196 1.10462325 1.11482238 1.11655044 1.11701798]
CS 546	Advanced Topics in Natural Language Processing	topics nlp topics extraction grounding challenges challenges topics offerings offerings overlap cs	User-Centered Design and Testing:Agents:Mobile Platforms:Professional Ethics:Design-Oriented HCI:Information Storage and Retrieval:Digital Forensics:Economies of Computing:Professional Communication:Development Methods:Software Process:Introduction:Modeling and Simulation:Social Networking:Advanced Machine Learning:Intellectual Property:Software Construction:History	[0.64853542 0.83816083 0.85559428 0.86373902 0.88083822 0.96267005 0.97187712 0.97722535 0.99399491 0.99632988 1.00518469 1.00645849 1.04031705 1.04777059 1.052205   1.05736882 1.05891801 1.06268915]
CS 547	Deep Learning	neural topics implementation neural convolution neural recurrent neural lstm gated recurrent residual reinforcement neural reinforcement chainer tensorflow neural gpus gpu clusters	Advanced Machine Learning:Basic Machine Learning:Reasoning Under Uncertainty:Natural Language Processing:Modeling and Simulation:Advanced Search:Statistical Methods for HCI:Perception and Computer Vision:Introduction to Modeling and Simulation	[0.67719828 0.74569791 0.8589602  0.90578021 0.92132826 0.93330353 0.98878551 0.98984249 0.99198506]
CS 548	Models of Cognitive Processes	automated cognition integrating analyses computational tradeoffs expressiveness tractability automated semantic web relational prediction latent integrating	Agents:Fundamental Issues:Modeling and Simulation:Introduction to Modeling and Simulation:Advanced Machine Learning:Natural Language Processing:Sustainability:Advanced Representation and Reasoning:Interactive Visualization:Data, Information, and Knowledge:Reasoning Under Uncertainty	[0.4242633  0.6631906  0.68355367 0.72764275 0.77460745 0.7851834 0.79893424 0.81314042 0.84323274 0.84342325 0.84761279]
CS 549	Seminar in Cognitive Science	cognitive cognitive anthropology cognitive neuroscience cognitive linguistics highlighted descriptions explores interconnections	Agents:Design-Oriented HCI:Professional Ethics:Digital Forensics:Fundamental Issues:User-Centered Design and Testing:Information Storage and Retrieval:Modeling and Simulation:Advanced Machine Learning:Data, Information, and Knowledge:Sustainability:Introduction to Modeling and Simulation:Natural Language Processing	[0.64710868 0.73801865 0.82030479 0.83429239 0.83940653 0.84351238 0.8604287  0.86196673 0.8874923  0.89044872 0.90581388 0.90808556 0.90903385]
CS 554	Parallel Numerical Algorithms	algorithms computers algorithms algebra dense sparse solvers algebraic eigenvalue partial equations optimization	Numerical Analysis:Basics of Counting:Advanced Computational Complexity:Basic Analysis:Modeling and Simulation:Discrete Probability:Parallel Algorithms, Analysis, and Programming:Advanced Search:Advanced Representation and Reasoning:Reasoning Under Uncertainty:Statistical Methods for HCI:Algorithmic Strategies:Fundamental Data Structures and Algorithms:Advanced Data Structures, Algorithms, and Analysis:Basic Knowledge Representation and Reasoning:Basic Search Strategies:Introduction to Modeling and Simulation:Logic Programming	[0.67616872 0.74350974 0.74624359 0.76855628 0.80142398 0.86232518 0.86911849 0.87533696 0.88887359 0.89299617 0.90840112 0.91294658 0.91794875 0.92148687 0.92520264 0.93289024 0.93564905 0.93604697]
CS 555	Numerical Methods for PDEs	partial equations discretization iterative discrete programming software packages	Modeling and Simulation:Introduction to Modeling and Simulation:Numerical Analysis:Statistical Methods for HCI:Reasoning Under Uncertainty	[0.55096025 0.74738566 0.75574975 0.75578661 0.75738755]
CS 556	Iterative & Multigrid Methods	algebraic multigrid iterative equations equations arising discretization partial equations	Numerical Analysis:Advanced Computational Complexity:Basics of Counting:Basic Analysis:Discrete Probability:Basic Knowledge Representation and Reasoning:Modeling and Simulation:Statistical Methods for HCI:Reasoning Under Uncertainty:Advanced Representation and Reasoning:Sets, Relations, and Functions:Basic Type Systems:Advanced Search:Introduction to Modeling and Simulation:Logic Programming:Advanced Data Structures, Algorithms, and Analysis	[0.53797068 0.76519941 0.78171128 0.80176747 0.83512742 0.87920421 0.88016299 0.90735656 0.91554327 0.93095679 0.93455168 0.96013743 0.96625839 0.99055095 0.99426625 0.99916529]
CS 558	Topics in Numerical Analysis	topics	User-Centered Design and Testing:Information Storage and Retrieval:Social Networking:Mobile Platforms:Design-Oriented HCI:Agents:Professional Ethics:Introduction:Professional Communication:Intellectual Property	[1.10620012 1.11251498 1.15780365 1.17060151 1.1767196  1.17877372 1.18230498 1.19419746 1.19527456 1.19547386]
CS 562	Advanced Topics in Security, Privacy, and Machine Learning	topics privacy adversarial privacy enabled defenses robust cybercrime intrusion detection malware topics offerings offerings overlap cs prerequisites corequisites	Security Policies, Laws, and Computer Crimes:Threats and Attacks:Human Factors and Security:Network Security:Privacy and Civil Liberties:Security Policy and Governance:Intellectual Property:Professional Ethics:Design-Oriented HCI:Foundational Concepts in Security:Digital Forensics:Economies of Computing:User-Centered Design and Testing:Agents:Real Time and Embedded Systems:Software Verification and Validation:Mobile Platforms:New Interactive Technologies:Secure Software Engineering:Software Evolution:Collaboration and Communication:Software Process	[0.60781011 0.70818431 0.7472674  0.88963905 0.92385968 0.97533164 0.97618089 0.98561088 0.99451343 1.00972455 1.01714587 1.02341722 1.03216386 1.03622809 1.04200524 1.08284824 1.08685183 1.09749818 1.10047028 1.10597886 1.10773856 1.10788895]
CS 563	Advanced Computer Security	privacy tamper unwanted monitoring surveillance infrastructure subtopics instructor topics exploratory	Professional Ethics:Intellectual Property:Digital Forensics:User-Centered Design and Testing:Design-Oriented HCI:Privacy and Civil Liberties:Agents:Security Policies, Laws, and Computer Crimes:Economies of Computing:Professional Communication:Security Policy and Governance:Human Factors and Security:Foundational Concepts in Security:Software Verification and Validation:Sustainability:Data, Information, and Knowledge:Threats and Attacks:Software Process:History:Mobile Platforms:Foundations:Requirements Engineering:Fundamental Issues:Collaboration and Communication:Principles of Secure Design:Information Storage and Retrieval:Social Context	[0.69076617 0.6969025  0.70479881 0.77546013 0.79692355 0.79807929 0.85511227 0.90306416 0.91047933 0.94642601 0.95745986 0.96247461 0.97341969 0.98696698 0.99351378 0.99710032 1.0057731  1.02082328 1.02736107 1.03726177 1.04535982 1.06608529 1.06667601 1.07116429 1.07906727 1.08112462 1.08295615]
CS 565	Human-Computer Interaction	topics hci interruptions peripheral gestures bimanual usability choosing	Mobility:Social Context:Interfacing and Communication:Platform Security:New Interactive Technologies:Industrial Platforms:History:Software Project Management:Fundamental Concepts:Cross-Layer Communications:Robotics:Secure Software Engineering:Operating System Principles	[0.8407876  0.88251128 0.88520186 0.91592897 0.92734533 0.97703917 0.98639836 0.99630524 1.00290616 1.03032336 1.03772681 1.04008899 1.0407054 ]
CS 567	Social Signals and Social Media	online interactions arenas mediated algorithmic interventions users spaces explores collectives dynamics online spaces algorithmic signaling topics evolution algorithmic matchmaking online dating misinformation mitigation trolling bias interfaces incentive signaling prioritize phd	User-Centered Design and Testing:Agents:Professional Ethics:Design-Oriented HCI:Economies of Computing:Digital Forensics:Professional Communication:Mobile Platforms:Sustainability:Software Process:Privacy and Civil Liberties:Principles of Secure Design:Requirements Engineering:Intellectual Property:Fundamental Issues:Information Storage and Retrieval:Modeling and Simulation:Collaboration and Communication	[0.62592689 0.62844606 0.65440447 0.67648387 0.72671284 0.82761385 0.8553167  0.85721858 0.91260921 0.94739975 0.98601024 0.98932035 0.9935288  0.99940236 1.00010262 1.01135546 1.01258625 1.01264857]
CS 571	Combinatorial Mathematics	topics combinatorial enumeration extremal probabilistic discrete optimization	Modeling and Simulation:Reasoning Under Uncertainty:Introduction to Modeling and Simulation:Advanced Machine Learning:Advanced Search:Advanced Data Structures, Algorithms, and Analysis:Algorithmic Strategies:Statistical Methods for HCI	[0.48952557 0.60527105 0.65278296 0.65924807 0.66988254 0.72018232 0.72084121 0.72169503]
CS 572	Extremal Graph Theory	extremal parameters graphs connectivity colorings imperfect graphs parameters turan theorem ramsey extremal	Numerical Analysis:Geometric Modeling:Visualization:Advanced Search:Statistical Methods for HCI:Reasoning Under Uncertainty:Advanced Data Structures, Algorithms, and Analysis:Modeling and Simulation:Graphs and Trees:Discrete Probability:Basic Analysis:Advanced Computational Complexity:Advanced Machine Learning:Perception and Computer Vision:Parallel Algorithms, Analysis, and Programming	[0.79102975 0.80533498 0.88687531 0.93172957 0.9448857  0.95184994 0.95221136 0.96324972 0.97680315 0.98792839 0.99245353 0.9943453 0.99986758 1.00327728 1.00383014]
CS 573	Algorithms	np completeness approximation algorithms randomized algorithms combinatorial optimization programming	Algorithms and Design:Algorithmic Strategies:Modeling and Simulation:Advanced Search:Parallel Algorithms, Analysis, and Programming:Advanced Data Structures, Algorithms, and Analysis:Basic Search Strategies:Introduction to Modeling and Simulation:Static Analysis:Advanced Machine Learning:Reasoning Under Uncertainty	[0.57085333 0.5712411  0.63474147 0.64670178 0.67432319 0.69152542 0.72546655 0.75622395 0.76621137 0.76938431 0.77030939]
CS 574	Randomized Algorithms	randomized algorithms inequalities chernoff hoeffding bounds probabilistic entropy martingales azuma inequality derandomization randomized algorithms sorting graphs basics pseudorandomness randomized	Advanced Data Structures, Algorithms, and Analysis:Parallel Algorithms, Analysis, and Programming:Algorithmic Strategies:Fundamental Data Structures and Algorithms:Advanced Search:Algorithms and Design:Numerical Analysis:Reasoning Under Uncertainty:Advanced Machine Learning:Modeling and Simulation:Basic Search Strategies:Basic Analysis:Introduction to Modeling and Simulation:Perception and Computer Vision:Statistical Methods for HCI:Basic Machine Learning:Natural Language Processing:Basics of Counting:Advanced Representation and Reasoning:Visualization:Discrete Probability:Geometric Modeling:Logic Programming:Static Analysis:Advanced Computational Complexity:Sets, Relations, and Functions:Basic Knowledge Representation and Reasoning:Fundamental Issues:Agents:Data Mining:Formal Models and Semantics:Data, Information, and Knowledge	[0.47929276 0.57636127 0.59265829 0.70665591 0.7333429  0.76814563 0.78758038 0.79454278 0.83706179 0.84319341 0.86254501 0.86353655 0.9046073  0.90468265 0.91122566 0.9260974  0.93227013 0.93328541 0.9389682  0.95429217 0.9597803  0.96817467 0.97225513 0.97702873 0.99016262 0.9948664  1.00224633 1.00714696 1.01721687 1.03660767 1.03926286 1.04477589]
CS 575	Methods of Combinatorics	combinatorial combinatorial enumeration bijections generating probabilistic proofs asymptotic randomized algorithms ramsey theorem topics combinatorial	Advanced Search:Modeling and Simulation:Algorithmic Strategies:Introduction to Modeling and Simulation:Advanced Representation and Reasoning:Logic Programming:Fundamental Issues:Algorithms and Design:Reasoning Under Uncertainty:Advanced Machine Learning:Basic Search Strategies	[0.68535483 0.69934715 0.72293931 0.73065851 0.73131658 0.73634932 0.73816158 0.74897629 0.75996447 0.76034815 0.76145154]
CS 576	Topics in Automated Deduction	topics aided deduction theorem proving strategies equational unification rewrite induction derivation hybrid inference programming	Logic Programming:Basic Knowledge Representation and Reasoning:Formal Semantics:Basic Logic:Sets, Relations, and Functions:Proof Techniques:Basics of Counting:Advanced Representation and Reasoning:Advanced Automata Theory and Computability:Type Systems:Formal Methods:Formal Models and Semantics:Static Analysis:Language Pragmatics:Basic Type Systems:Fundamental Issues:Advanced Programming Constructs	[0.45648773 0.52007418 0.522902   0.5430492  0.61856437 0.65035773 0.6907045  0.7005974  0.74092928 0.83206333 0.89731021 0.90994961 0.93665733 0.93740708 0.96227441 0.96694625 0.96711822]
CS 579	Computational Complexity	turing determinism determinism hierarchy theorems compression blum axioms np nl pspace randomness rp rl bpp alternation hierarchy nc rnc relativized computational offs	Basic Knowledge Representation and Reasoning:Advanced Automata Theory and Computability:Advanced Representation and Reasoning:Sets, Relations, and Functions:Formal Models and Semantics:Logic Programming:Proof Techniques:Basics of Counting:Formal Semantics:Fundamental Issues:Static Analysis:Basic Logic:Discrete Probability:Modeling and Simulation:Introduction to Modeling and Simulation:Basic Search Strategies:Formal Methods:Basic Type Systems:Type Systems:Language Pragmatics	[0.67621212 0.67844855 0.68535079 0.69740187 0.71089452 0.76789266 0.78272221 0.81931445 0.83167012 0.84847124 0.84963513 0.85401567 0.8734159  0.91394888 0.91739718 0.93123634 0.94600883 0.95117758 0.95267064 0.95649839]
CS 580	Topics in Algorithmic Game Theory	cs algorithmic computational fairness topics computation equilibria dynamics anarchy topics online marketplaces lyft uber ebay taskrabbit kidney auction	Professional Ethics:Economies of Computing:Agents:Design-Oriented HCI:Digital Forensics:User-Centered Design and Testing:Intellectual Property:Privacy and Civil Liberties:Professional Communication:Mobile Platforms:History:Software Process:Sustainability:Data, Information, and Knowledge:Robotics:Collaboration and Communication:Security Policy and Governance:Introduction to Modeling and Simulation:Modeling and Simulation:Information Storage and Retrieval	[0.6410921  0.70328305 0.77205137 0.79517409 0.79580847 0.83239712 0.88144139 0.92436026 0.93262443 0.98392796 0.99323459 0.99757211 1.00292227 1.01309665 1.03157278 1.03436505 1.04237558 1.04826907 1.04956747 1.05095346]
CS 581	Algorithmic Genomic Biology	algorithmic genomic biology publish phylogeny evolutionary estimation alignment genome phylogenetics challenges computational permitting computational microbiome prediction genome linguistics computational doctoral bioengineering biology discrete algorithms simulations probabilistic algorithms	Agents:Advanced Machine Learning:Modeling and Simulation:Fundamental Issues:Reasoning Under Uncertainty:Introduction to Modeling and Simulation:Statistical Methods for HCI:Natural Language Processing:Data, Information, and Knowledge:Data Mining:Design-Oriented HCI:Information Storage and Retrieval:Digital Forensics:Advanced Representation and Reasoning:Basic Machine Learning:User-Centered Design and Testing:Perception and Computer Vision:Professional Ethics:Static Analysis:Interactive Visualization:Advanced Search:Advanced Data Structures, Algorithms, and Analysis:Algorithmic Strategies:Basic Knowledge Representation and Reasoning	[0.48916889 0.60724135 0.64472805 0.72487698 0.73391823 0.73579081 0.78665708 0.79518805 0.80010165 0.80161242 0.82084272 0.8526098 0.87653218 0.8972194  0.92008979 0.93080448 0.93356092 0.94186202 0.94366542 0.95151635 0.95181594 0.98957495 0.99116643 0.9951817 ]
CS 582	Machine Learning for Bioinformatics	bioinformatics introduces topics computational biology bioinformatics regulatory genomics biology computational bayesian inference graphical supervised bioinformatics topics instructor presentations regulatory cistromics epigenomics regulatory reconstruction coding variant prediction mandatory bioinformatics	Agents:Design-Oriented HCI:Professional Ethics:Digital Forensics:Modeling and Simulation:Introduction to Modeling and Simulation:User-Centered Design and Testing:Data, Information, and Knowledge:Fundamental Issues:Advanced Machine Learning	[0.51523187 0.68324599 0.72518496 0.73125163 0.77057808 0.81053701 0.8250062  0.84846852 0.85207287 0.85253357]
CS 583	Approximation Algorithms	approximation algorithms np approximation algorithm combinatorial algorithms programming programming algorithms graphs constraint scheduling	Modeling and Simulation:Algorithmic Strategies:Advanced Data Structures, Algorithms, and Analysis:Algorithms and Design:Parallel Algorithms, Analysis, and Programming:Basic Analysis:Numerical Analysis:Advanced Search:Statistical Methods for HCI:Basic Search Strategies:Static Analysis:Introduction to Modeling and Simulation:Advanced Machine Learning:Advanced Representation and Reasoning:Reasoning Under Uncertainty:Perception and Computer Vision:Fundamental Data Structures and Algorithms:Logic Programming:Basics of Counting:Fundamental Issues:Discrete Probability:Formal Models and Semantics:Agents:Advanced Computational Complexity:Basic Knowledge Representation and Reasoning:Natural Language Processing:Processing:Basic Machine Learning:Visualization:Parallel Performance:Sets, Relations, and Functions:Basic Type Systems	[0.59531429 0.63826318 0.66946888 0.71707149 0.71727584 0.72716349 0.75328179 0.75597586 0.77760343 0.79037706 0.80509717 0.81030308 0.81352886 0.81610828 0.82703573 0.82836388 0.8375918  0.87504183 0.88403187 0.9187213  0.92143308 0.92507278 0.93181216 0.93699084 0.95017148 0.95125909 0.95678168 0.97980083 0.98101808 0.9895138 0.991564   0.99241066]
CS 584	Embedded System Verification	examines discrete hybrid computing introduces timed hybrid automata checking hoare deduction abstractions controller strategies robotics	Introduction to Modeling and Simulation:Modeling and Simulation:Fundamental Issues:Advanced Representation and Reasoning:Agents:Advanced Search:Advanced Machine Learning	[0.59852719 0.59948387 0.61768052 0.67153651 0.76728489 0.7682351 0.76966851]
CS 585	Hardware Verification	teaches algorithms verification hardware teaches checking binary diagrams bdds satisfiability algorithms simulation metrics simulation assertion analog verification silicon validation algorithms teaches scalable algorithms discrete	Modeling and Simulation:Introduction to Modeling and Simulation:Advanced Machine Learning:Reasoning Under Uncertainty:Fundamental Issues:Agents:Advanced Search:Static Analysis:Advanced Representation and Reasoning:Statistical Methods for HCI:Natural Language Processing:Perception and Computer Vision:Parallel Algorithms, Analysis, and Programming:Algorithmic Strategies:Formal Models and Semantics:Advanced Data Structures, Algorithms, and Analysis:Algorithms and Design:Basic Search Strategies:Discrete Probability:Digital Logic and Digital Systems:Basic Knowledge Representation and Reasoning	[0.48612038 0.57777045 0.59850202 0.70532069 0.7327305  0.73462983 0.75770089 0.77770582 0.78938866 0.82629743 0.82981077 0.83302875 0.84218023 0.84422525 0.86191558 0.87603798 0.88036731 0.8858843 0.9070355  0.90930494 0.90935762]
CS 586	Combinatorial Optimization	topics combinatorial optimization polyhedral designing algorithms topics matchings matchings joins arborescences branchings matroids matroid polymatroids submodular flows	Algorithms and Design:Algorithmic Strategies:Advanced Search:Basic Search Strategies:Parallel Algorithms, Analysis, and Programming:Advanced Data Structures, Algorithms, and Analysis:Logic Programming:Modeling and Simulation:Basics of Counting:Basic Knowledge Representation and Reasoning:Advanced Representation and Reasoning:Static Analysis:Advanced Machine Learning:Sets, Relations, and Functions:Introduction to Modeling and Simulation:Graphs and Trees:Fundamental Data Structures and Algorithms:Reasoning Under Uncertainty:Fundamental Issues:Formal Models and Semantics:Perception and Computer Vision:Agents:Basic Analysis:Numerical Analysis:Advanced Automata Theory and Computability:Discrete Probability	[0.7398366  0.76751791 0.77421213 0.80986328 0.81420466 0.8180369 0.84672727 0.84681713 0.85422721 0.8744363  0.874438   0.88676646 0.88823743 0.8972335  0.90833423 0.91217174 0.91474332 0.92518658 0.92909826 0.93517727 0.94197883 0.94294647 0.94936307 0.96659998 0.96672289 0.96764984]
CS 588	Autonomous Vehicle System Engineering	introduce computational autonomous labwork sensing topics lidar sonar sensing detection segmentation bayesian filtering slam tracking topics dynamics lattice kinodynamic trajectory optimization reinforcement implemented	Modeling and Simulation:Introduction to Modeling and Simulation:Statistical Methods for HCI:Advanced Machine Learning:Agents:Reasoning Under Uncertainty:Fundamental Issues:Data, Information, and Knowledge:Advanced Search:Perception and Computer Vision:Visualization:Data Mining:Information Storage and Retrieval:Natural Language Processing:Advanced Data Structures, Algorithms, and Analysis:Numerical Analysis:Advanced Representation and Reasoning:Robotics	[0.52463743 0.65035396 0.6528319  0.66172059 0.69300217 0.71842357 0.78592538 0.80255737 0.81516414 0.8408611  0.85428477 0.85862607 0.86962364 0.88022504 0.90183764 0.91464437 0.9153107  0.91873932]
CS 591	Advanced Seminar	seminar topics grading topics	User-Centered Design and Testing:Professional Ethics:Digital Forensics:Information Storage and Retrieval:Agents:Design-Oriented HCI:Intellectual Property:Professional Communication:Mobile Platforms:Economies of Computing:Data, Information, and Knowledge:History:Social Networking:Software Process:Collaboration and Communication:Privacy and Civil Liberties:Data Mining:Advanced Machine Learning:Development Methods:Modeling and Simulation:Foundations:Software Construction:Requirements Engineering:Data Modeling:Introduction to Modeling and Simulation	[0.96766223 1.06601313 1.07264579 1.07597184 1.08861411 1.10012935 1.11762131 1.12895233 1.13941668 1.14802624 1.15374229 1.15454195 1.15847776 1.17038343 1.17289039 1.17438059 1.17653338 1.18000419 1.18462119 1.18872763 1.19113731 1.19163052 1.19424824 1.19647428 1.19668047]
CS 597	Individual Study	offerings	Collaboration and Communication:Software Evolution:Economies of Computing:Professional Communication:Mobile Platforms:Software Process:Secure Software Engineering	[0.83490506 0.86694902 0.93251668 0.94688075 0.95567056 0.956971 0.9582087 ]
CS 598	Special Topics	offerings augment departmental topics prerequisites topics	User-Centered Design and Testing:Professional Ethics:Design-Oriented HCI:Digital Forensics:Professional Communication:Agents:Economies of Computing:Intellectual Property:Information Storage and Retrieval	[0.86995724 0.95027178 0.99799909 0.9999242  1.02678798 1.0310268 1.03989981 1.04106549 1.04244167]
CS 599	Thesis Research	grading	Professional Ethics:Digital Forensics:User-Centered Design and Testing:Agents:Design-Oriented HCI:Intellectual Property:Professional Communication:Economies of Computing:History:Advanced Machine Learning:Introduction to Modeling and Simulation:Modeling and Simulation:Software Construction:Software Process:Privacy and Civil Liberties:Information Storage and Retrieval:Data, Information, and Knowledge:Requirements Engineering:Data Mining:Advanced Search	[1.0583492  1.07059601 1.08979129 1.10151394 1.11442468 1.14834988 1.15173787 1.15544061 1.16234449 1.16279659 1.17052251 1.17331769 1.17829921 1.18344647 1.18978746 1.1898303  1.19199706 1.19663224 1.19865302 1.19911357]
